record,date,locat,elev,temp,duration,spp,genus,family,pond.size,f.per.h
1,6/23/24,beaver pond,2479,23.38,5.47,lq,Libellula,Libs,168.8,60.67
2,6/23/24,beaver pond,2479,23.38,1.63,lq,Libellula,Libs,168.8,60.67
3,6/23/24,beaver pond,2479,23.38,1.37,lq,Libellula,Libs,168.8,60.67
4,6/23/24,beaver pond,2479,23.38,4.57,lq,Libellula,Libs,168.8,60.67
5,6/23/24,beaver pond,2479,23.38,2.56,lq,Libellula,Libs,168.8,60.67
6,6/23/24,beaver pond,2479,23.38,2.25,lq,Libellula,Libs,168.8,60.67
7,6/23/24,beaver pond,2479,23.38,4.09,lq,Libellula,Libs,168.8,60.67
8,6/23/24,beaver pond,2479,23.38,2.47,lq,Libellula,Libs,168.8,60.67
9,6/23/24,beaver pond,2479,23.38,3.7,lq,Libellula,Libs,168.8,60.67
10,6/23/24,beaver pond,2479,23.38,3.18,lq,Libellula,Libs,168.8,60.67
11,6/23/24,beaver pond,2479,23.38,3.84,lq,Libellula,Libs,168.8,60.67
12,6/23/24,beaver pond,2479,23.38,3.06,lq,Libellula,Libs,168.8,60.67
13,6/23/24,beaver pond,2479,23.38,7,lq,Libellula,Libs,168.8,60.67
14,6/23/24,beaver pond,2479,23.38,6,lq,Libellula,Libs,168.8,60.67
15,6/23/24,beaver pond,2479,23.38,4.72,lq,Libellula,Libs,168.8,60.67
16,6/23/24,beaver pond,2479,23.38,2.22,lq,Libellula,Libs,168.8,60.67
17,6/23/24,beaver pond,2479,23.38,2,lq,Libellula,Libs,168.8,60.67
18,6/23/24,beaver pond,2479,23.38,3.87,lq,Libellula,Libs,168.8,60.67
19,6/23/24,beaver pond,2479,23.38,1.44,lq,Libellula,Libs,168.8,60.67
20,6/23/24,beaver pond,2479,23.38,3.75,lq,Libellula,Libs,168.8,60.67
21,6/23/24,beaver pond,2479,23.38,1.79,lq,Libellula,Libs,168.8,60.67
22,6/23/24,beaver pond,2479,23.38,4.12,lq,Libellula,Libs,168.8,60.67
23,6/23/24,beaver pond,2479,23.38,2.35,lq,Libellula,Libs,168.8,60.67
24,6/23/24,beaver pond,2479,23.38,6.72,lq,Libellula,Libs,168.8,60.67
25,6/23/24,beaver pond,2479,23.38,2.09,lq,Libellula,Libs,168.8,60.67
26,6/23/24,beaver pond,2479,23.38,3.12,lq,Libellula,Libs,168.8,60.67
27,6/23/24,beaver pond,2479,23.38,2.66,lq,Libellula,Libs,168.8,60.67
28,6/23/24,beaver pond,2479,23.38,6.69,lq,Libellula,Libs,168.8,60.67
29,6/23/24,beaver pond,2479,23.38,4.6,lq,Libellula,Libs,168.8,60.67
30,6/23/24,beaver pond,2479,23.38,1.4,lq,Libellula,Libs,168.8,60.67
31,6/23/24,beaver pond,2479,23.38,2.13,lq,Libellula,Libs,168.8,60.67
32,6/23/24,beaver pond,2479,23.38,5.66,lq,Libellula,Libs,168.8,60.67
33,6/23/24,beaver pond,2479,23.38,1.38,lq,Libellula,Libs,168.8,60.67
34,6/23/24,beaver pond,2479,23.38,7.31,lq,Libellula,Libs,168.8,60.67
35,6/23/24,beaver pond,2479,23.38,3.72,lq,Libellula,Libs,168.8,60.67
36,6/23/24,beaver pond,2479,23.38,4.06,lq,Libellula,Libs,168.8,60.67
37,6/23/24,beaver pond,2479,23.38,4.5,lq,Libellula,Libs,168.8,60.67
38,6/23/24,beaver pond,2479,23.38,3.88,lq,Libellula,Libs,168.8,60.67
39,6/23/24,beaver pond,2479,23.38,10.1,lq,Libellula,Libs,168.8,60.67
40,6/23/24,beaver pond,2479,23.38,8.12,lq,Libellula,Libs,168.8,60.67
41,6/23/24,beaver pond,2479,23.38,3.25,lq,Libellula,Libs,168.8,60.67
42,6/23/24,beaver pond,2479,23.38,1.41,lq,Libellula,Libs,168.8,60.67
43,6/23/24,beaver pond,2479,23.38,5.6,lq,Libellula,Libs,168.8,60.67
44,6/23/24,beaver pond,2479,23.38,4.44,lq,Libellula,Libs,168.8,60.67
45,6/23/24,beaver pond,2479,23.38,4.03,lq,Libellula,Libs,168.8,60.67
46,6/23/24,beaver pond,2479,23.38,3.88,lq,Libellula,Libs,168.8,60.67
47,6/23/24,beaver pond,2479,23.38,5.44,lq,Libellula,Libs,168.8,60.67
48,6/23/24,beaver pond,2479,23.38,2,lq,Libellula,Libs,168.8,60.67
49,6/23/24,beaver pond,2479,23.38,4.47,lq,Libellula,Libs,168.8,60.67
50,6/23/24,beaver pond,2479,23.38,0.84,lq,Libellula,Libs,168.8,60.67
51,6/23/24,beaver pond,2479,23.38,2.78,lq,Libellula,Libs,168.8,60.67
52,6/23/24,beaver pond,2479,23.38,2.75,lq,Libellula,Libs,168.8,60.67
53,6/23/24,beaver pond,2479,23.38,8.16,lq,Libellula,Libs,168.8,60.67
54,6/23/24,beaver pond,2479,23.38,1.87,lq,Libellula,Libs,168.8,60.67
55,6/23/24,beaver pond,2479,23.38,4.44,lq,Libellula,Libs,168.8,60.67
56,6/23/24,beaver pond,2479,23.38,5,lq,Libellula,Libs,168.8,60.67
57,6/23/24,beaver pond,2479,23.38,1.72,lq,Libellula,Libs,168.8,60.67
58,6/23/24,beaver pond,2479,23.38,1.25,lq,Libellula,Libs,168.8,60.67
59,6/23/24,beaver pond,2479,23.38,1.75,lq,Libellula,Libs,168.8,60.67
60,6/23/24,beaver pond,2479,23.38,5.69,lq,Libellula,Libs,168.8,60.67
61,6/23/24,beaver pond,2479,23.38,2.5,lq,Libellula,Libs,168.8,60.67
62,6/23/24,beaver pond,2479,23.38,2.62,lq,Libellula,Libs,168.8,60.67
63,6/23/24,beaver pond,2479,23.38,3.84,lq,Libellula,Libs,168.8,60.67
64,6/23/24,beaver pond,2479,23.38,4.79,lq,Libellula,Libs,168.8,60.67
65,6/23/24,beaver pond,2479,23.38,1.66,lq,Libellula,Libs,168.8,60.67
66,6/23/24,beaver pond,2479,23.38,1.41,lq,Libellula,Libs,168.8,60.67
67,6/23/24,beaver pond,2479,23.38,2.91,lq,Libellula,Libs,168.8,60.67
68,6/23/24,beaver pond,2479,23.38,9.84,lq,Libellula,Libs,168.8,60.67
69,6/23/24,beaver pond,2479,23.38,3.46,lq,Libellula,Libs,168.8,60.67
70,6/23/24,beaver pond,2479,23.38,1.6,lq,Libellula,Libs,168.8,60.67
71,6/23/24,beaver pond,2479,23.38,4.22,lq,Libellula,Libs,168.8,60.67
72,6/23/24,beaver pond,2479,23.38,6.85,lq,Libellula,Libs,168.8,60.67
73,6/23/24,beaver pond,2479,23.38,9.25,lq,Libellula,Libs,168.8,60.67
74,6/23/24,beaver pond,2479,23.38,4.08,lq,Libellula,Libs,168.8,60.67
75,6/23/24,beaver pond,2479,23.38,3.53,lq,Libellula,Libs,168.8,60.67
76,6/23/24,beaver pond,2479,23.38,2,lq,Libellula,Libs,168.8,60.67
77,6/23/24,beaver pond,2479,23.38,3.03,lq,Libellula,Libs,168.8,60.67
78,6/23/24,beaver pond,2479,23.38,2.22,lq,Libellula,Libs,168.8,60.67
79,6/23/24,beaver pond,2479,23.38,4.47,lq,Libellula,Libs,168.8,60.67
80,6/23/24,beaver pond,2479,23.38,6.46,lq,Libellula,Libs,168.8,60.67
81,6/23/24,beaver pond,2479,23.38,1.35,lq,Libellula,Libs,168.8,60.67
82,6/23/24,beaver pond,2479,23.38,12.78,lq,Libellula,Libs,168.8,60.67
83,6/23/24,beaver pond,2479,23.38,2.37,lq,Libellula,Libs,168.8,60.67
84,6/23/24,beaver pond,2479,23.38,3.25,lq,Libellula,Libs,168.8,60.67
85,6/23/24,beaver pond,2479,23.38,4.78,lq,Libellula,Libs,168.8,60.67
86,6/23/24,beaver pond,2479,23.38,3.19,lq,Libellula,Libs,168.8,60.67
87,6/23/24,beaver pond,2479,23.38,5.65,lq,Libellula,Libs,168.8,60.67
88,6/23/24,beaver pond,2479,23.38,2.13,lq,Libellula,Libs,168.8,60.67
89,6/23/24,beaver pond,2479,23.38,2.44,lq,Libellula,Libs,168.8,60.67
90,6/23/24,beaver pond,2479,23.38,3.07,lq,Libellula,Libs,168.8,60.67
91,6/23/24,beaver pond,2479,23.38,3.94,lq,Libellula,Libs,168.8,60.67
92,6/24/24,meadowlake,1684,33.97,4.41,ply,Plathemis,Libs,623.5,40
93,6/24/24,meadowlake,1684,33.97,1.37,ply,Plathemis,Libs,623.5,40
94,6/24/24,meadowlake,1684,33.97,13.68,ply,Plathemis,Libs,623.5,40
95,6/24/24,meadowlake,1684,33.97,11.34,ply,Plathemis,Libs,623.5,40
96,6/24/24,meadowlake,1684,33.97,11.21,ply,Plathemis,Libs,623.5,40
97,6/24/24,meadowlake,1684,33.97,15.34,ply,Plathemis,Libs,623.5,40
98,6/24/24,meadowlake,1684,33.97,6.75,ply,Plathemis,Libs,623.5,40
99,6/24/24,meadowlake,1684,33.97,14.97,ply,Plathemis,Libs,623.5,40
100,6/24/24,meadowlake,1684,33.97,17.37,ply,Plathemis,Libs,623.5,40
101,6/24/24,meadowlake,1684,33.97,4.59,ply,Plathemis,Libs,623.5,40
102,6/24/24,meadowlake,1684,33.97,10.71,pten,Perithemis,Libs,623.5,40
103,6/24/24,meadowlake,1684,33.97,5.18,ply,Plathemis,Libs,623.5,40
104,6/24/24,meadowlake,1684,33.97,6.66,ply,Plathemis,Libs,623.5,40
105,6/24/24,meadowlake,1684,33.97,4.9,ply,Plathemis,Libs,623.5,40
106,6/24/24,meadowlake,1684,33.97,10.43,ply,Plathemis,Libs,623.5,40
107,6/24/24,meadowlake,1684,33.97,12.81,ply,Plathemis,Libs,623.5,40
108,6/24/24,meadowlake,1684,33.97,13.77,ply,Plathemis,Libs,623.5,40
109,6/24/24,meadowlake,1684,33.97,9.59,ply,Plathemis,Libs,623.5,40
110,6/24/24,meadowlake,1684,33.97,8.75,ply,Plathemis,Libs,623.5,40
111,6/24/24,meadowlake,1684,33.97,2.12,ply,Plathemis,Libs,623.5,40
112,6/24/24,meadowlake,1684,33.97,5.5,ply,Plathemis,Libs,623.5,40
113,6/24/24,meadowlake,1684,33.97,3.5,ply,Plathemis,Libs,623.5,40
114,6/24/24,meadowlake,1684,33.97,5.38,ply,Plathemis,Libs,623.5,40
115,6/24/24,meadowlake,1684,33.97,4.34,ply,Plathemis,Libs,623.5,40
116,6/24/24,meadowlake,1684,33.97,10.97,ply,Plathemis,Libs,623.5,40
117,6/24/24,meadowlake,1684,33.97,12.56,ply,Plathemis,Libs,623.5,40
118,6/24/24,meadowlake,1684,33.97,23.85,ply,Plathemis,Libs,623.5,40
119,6/24/24,meadowlake,1684,33.97,25.59,ply,Plathemis,Libs,623.5,40
120,6/24/24,meadowlake,1684,33.97,3.6,ply,Plathemis,Libs,623.5,40
121,6/24/24,meadowlake,1684,33.97,8,ply,Plathemis,Libs,623.5,40
122,6/25/24,mud lake,2554,29,2.79,lq,Libellula,Libs,435.71,80
123,6/25/24,mud lake,2554,29,4.56,lq,Libellula,Libs,435.71,80
124,6/25/24,mud lake,2554,29,6.21,lq,Libellula,Libs,435.71,80
125,6/25/24,mud lake,2554,29,7.4,lq,Libellula,Libs,435.71,80
126,6/25/24,mud lake,2554,29,4.1,lq,Libellula,Libs,435.71,80
127,6/25/24,mud lake,2554,29,2.81,lq,Libellula,Libs,435.71,80
128,6/25/24,mud lake,2554,29,3.44,lq,Libellula,Libs,435.71,80
129,6/25/24,mud lake,2554,29,5.47,lq,Libellula,Libs,435.71,80
130,6/25/24,mud lake,2554,29,9.31,lq,Libellula,Libs,435.71,80
131,6/25/24,mud lake,2554,29,1.66,lpull,Libellula,Libs,435.71,80
132,6/25/24,mud lake,2554,29,2.53,lq,Libellula,Libs,435.71,80
133,6/25/24,mud lake,2554,29,5.16,lq,Libellula,Libs,435.71,80
134,6/25/24,mud lake,2554,29,0.66,lq,Libellula,Libs,435.71,80
135,6/25/24,mud lake,2554,29,4.84,lq,Libellula,Libs,435.71,80
136,6/25/24,mud lake,2554,29,3.78,lq,Libellula,Libs,435.71,80
137,6/25/24,mud lake,2554,29,3.53,lq,Libellula,Libs,435.71,80
138,6/25/24,mud lake,2554,29,1.13,lq,Libellula,Libs,435.71,80
139,6/25/24,mud lake,2554,29,2.1,lq,Libellula,Libs,435.71,80
140,6/25/24,mud lake,2554,29,2.62,lq,Libellula,Libs,435.71,80
141,6/25/24,mud lake,2554,29,3.09,lq,Libellula,Libs,435.71,80
142,6/25/24,mud lake,2554,29,1.34,lq,Libellula,Libs,435.71,80
143,6/25/24,mud lake,2554,29,1.53,lq,Libellula,Libs,435.71,80
144,6/25/24,mud lake,2554,29,3.28,lq,Libellula,Libs,435.71,80
145,6/25/24,mud lake,2554,29,2.84,lq,Libellula,Libs,435.71,80
146,6/25/24,mud lake,2554,29,1.56,lq,Libellula,Libs,435.71,80
147,6/25/24,mud lake,2554,29,8.58,lq,Libellula,Libs,435.71,80
148,6/25/24,mud lake,2554,29,2.94,lq,Libellula,Libs,435.71,80
149,6/25/24,mud lake,2554,29,18.69,lpull,Libellula,Libs,435.71,80
150,6/25/24,mud lake,2554,29,3.63,lpull,Libellula,Libs,435.71,80
151,6/25/24,mud lake,2554,29,2.66,lpull,Libellula,Libs,435.71,80
152,6/25/24,mud lake,2554,29,4.57,lpull,Libellula,Libs,435.71,80
153,6/25/24,mud lake,2554,29,2.78,lq,Libellula,Libs,435.71,80
154,6/25/24,mud lake,2554,29,1.06,lq,Libellula,Libs,435.71,80
155,6/25/24,mud lake,2554,29,2.32,lq,Libellula,Libs,435.71,80
156,6/25/24,mud lake,2554,29,5.32,lq,Libellula,Libs,435.71,80
157,6/25/24,mud lake,2554,29,1.5,lq,Libellula,Libs,435.71,80
158,6/25/24,mud lake,2554,29,3.53,lq,Libellula,Libs,435.71,80
159,6/25/24,mud lake,2554,29,5.47,lq,Libellula,Libs,435.71,80
160,6/25/24,mud lake,2554,29,1.44,lq,Libellula,Libs,435.71,80
161,6/25/24,mud lake,2554,29,3.22,lq,Libellula,Libs,435.71,80
162,6/25/24,mud lake,2554,29,1.78,lq,Libellula,Libs,435.71,80
163,6/25/24,mud lake,2554,29,2.69,lq,Libellula,Libs,435.71,80
164,6/25/24,mud lake,2554,29,4.88,lq,Libellula,Libs,435.71,80
165,6/25/24,mud lake,2554,29,7.53,lq,Libellula,Libs,435.71,80
166,6/25/24,mud lake,2554,29,1.44,lq,Libellula,Libs,435.71,80
167,6/25/24,mud lake,2554,29,3.06,lq,Libellula,Libs,435.71,80
168,6/25/24,mud lake,2554,29,1.88,lq,Libellula,Libs,435.71,80
169,6/25/24,mud lake,2554,29,6.09,lq,Libellula,Libs,435.71,80
170,6/25/24,mud lake,2554,29,3.94,lq,Libellula,Libs,435.71,80
171,6/25/24,mud lake,2554,29,2.78,lq,Libellula,Libs,435.71,80
172,6/25/24,mud lake,2554,29,2.75,lq,Libellula,Libs,435.71,80
173,6/25/24,mud lake,2554,29,2.71,lq,Libellula,Libs,435.71,80
174,6/25/24,mud lake,2554,29,2.47,lq,Libellula,Libs,435.71,80
175,6/25/24,mud lake,2554,29,1.81,lq,Libellula,Libs,435.71,80
176,6/25/24,mud lake,2554,29,4.18,lq,Libellula,Libs,435.71,80
177,6/25/24,mud lake,2554,29,4.65,lq,Libellula,Libs,435.71,80
178,6/25/24,mud lake,2554,29,1.41,lq,Libellula,Libs,435.71,80
179,6/25/24,mud lake,2554,29,4.16,lq,Libellula,Libs,435.71,80
180,6/25/24,mud lake,2554,29,3.13,lq,Libellula,Libs,435.71,80
181,6/25/24,mud lake,2554,29,1.12,lq,Libellula,Libs,435.71,80
182,6/25/24,lily lake,2721,22.2,4.17,lq,Libellula,Libs,1264.54,38
183,6/25/24,lily lake,2721,22.2,1.47,lq,Libellula,Libs,1264.54,38
184,6/25/24,lily lake,2721,22.2,6.59,lq,Libellula,Libs,1264.54,38
185,6/25/24,lily lake,2721,22.2,4,lq,Libellula,Libs,1264.54,38
186,6/25/24,lily lake,2721,22.2,1.72,lq,Libellula,Libs,1264.54,38
187,6/25/24,lily lake,2721,22.2,6.97,lq,Libellula,Libs,1264.54,38
188,6/25/24,lily lake,2721,22.2,5.78,lq,Libellula,Libs,1264.54,38
189,6/25/24,lily lake,2721,22.2,3.72,lq,Libellula,Libs,1264.54,38
190,6/25/24,lily lake,2721,22.2,2.25,lq,Libellula,Libs,1264.54,38
191,6/25/24,lily lake,2721,22.2,5.34,lq,Libellula,Libs,1264.54,38
192,6/25/24,lily lake,2721,22.2,4,lq,Libellula,Libs,1264.54,38
193,6/25/24,lily lake,2721,22.2,2.09,lq,Libellula,Libs,1264.54,38
194,6/25/24,lily lake,2721,22.2,3.75,lq,Libellula,Libs,1264.54,38
195,6/25/24,lily lake,2721,22.2,4.59,lq,Libellula,Libs,1264.54,38
196,6/25/24,lily lake,2721,22.2,6.16,lq,Libellula,Libs,1264.54,38
197,6/25/24,lily lake,2721,22.2,4.56,lq,Libellula,Libs,1264.54,38
198,6/25/24,lily lake,2721,22.2,2.84,lq,Libellula,Libs,1264.54,38
199,6/25/24,lily lake,2721,22.2,8.71,lq,Libellula,Libs,1264.54,38
200,6/25/24,lily lake,2721,22.2,4.19,lq,Libellula,Libs,1264.54,38
201,7/7/24,garfield,1645,24.4,2.19,dash,Pachydiplax,Libs,832.67,34.67
202,7/7/24,garfield,1645,24.4,8.6,dash,Pachydiplax,Libs,832.67,34.67
203,7/7/24,garfield,1645,24.4,2.81,dash,Pachydiplax,Libs,832.67,34.67
204,7/7/24,garfield,1645,24.4,22.13,lpull,Libellula,Libs,832.67,34.67
205,7/7/24,garfield,1645,24.4,10.57,lpull,Libellula,Libs,832.67,34.67
206,7/7/24,garfield,1645,24.4,9.52,dash,Pachydiplax,Libs,832.67,34.67
207,7/7/24,garfield,1645,24.4,1.59,dash,Pachydiplax,Libs,832.67,34.67
208,7/7/24,garfield,1645,24.4,5.5,dash,Pachydiplax,Libs,832.67,34.67
209,7/7/24,garfield,1645,24.4,18.03,dash,Pachydiplax,Libs,832.67,34.67
210,7/7/24,garfield,1645,24.4,6.41,dash,Pachydiplax,Libs,832.67,34.67
211,7/7/24,garfield,1645,24.4,16.62,dash,Pachydiplax,Libs,832.67,34.67
212,7/7/24,garfield,1645,24.4,4.16,dash,Pachydiplax,Libs,832.67,34.67
213,7/7/24,garfield,1645,24.4,7.57,dash,Pachydiplax,Libs,832.67,34.67
214,7/7/24,garfield,1645,24.4,3.41,dash,Pachydiplax,Libs,832.67,34.67
215,7/7/24,garfield,1645,24.4,6.74,dash,Pachydiplax,Libs,832.67,34.67
216,7/7/24,garfield,1645,24.4,5.25,dash,Pachydiplax,Libs,832.67,34.67
217,7/7/24,garfield,1645,24.4,2.75,simp,Erythemis,Libs,832.67,34.67
218,7/7/24,garfield,1645,24.4,6.91,dash,Pachydiplax,Libs,832.67,34.67
219,7/7/24,garfield,1645,24.4,16.34,simp,Erythemis,Libs,832.67,34.67
220,7/7/24,garfield,1645,24.4,18.21,simp,Erythemis,Libs,832.67,34.67
221,7/7/24,garfield,1645,24.4,3.47,dash,Pachydiplax,Libs,832.67,34.67
222,7/7/24,garfield,1645,24.4,3.12,dash,Pachydiplax,Libs,832.67,34.67
223,7/7/24,garfield,1645,24.4,5.22,dash,Pachydiplax,Libs,832.67,34.67
224,7/7/24,garfield,1645,24.4,9.46,dash,Pachydiplax,Libs,832.67,34.67
225,7/7/24,garfield,1645,24.4,20.38,dash,Pachydiplax,Libs,832.67,34.67
226,7/7/24,garfield,1645,24.4,3.13,dash,Pachydiplax,Libs,832.67,34.67
227,7/7/24,garfield,1645,24.4,4.5,dash,Pachydiplax,Libs,832.67,34.67
228,7/7/24,garfield,1645,24.4,10.96,dash,Pachydiplax,Libs,832.67,34.67
229,7/7/24,garfield,1645,24.4,6.31,dash,Pachydiplax,Libs,832.67,34.67
230,7/7/24,garfield,1645,24.4,9.78,dash,Pachydiplax,Libs,832.67,34.67
231,7/7/24,garfield,1645,24.4,5.58,dash,Pachydiplax,Libs,832.67,34.67
232,7/7/24,garfield,1645,24.4,9.1,dash,Pachydiplax,Libs,832.67,34.67
233,7/7/24,garfield,1645,24.4,5.63,dash,Pachydiplax,Libs,832.67,34.67
234,7/7/24,garfield,1645,24.4,5.63,lpull,Libellula,Libs,832.67,34.67
235,7/7/24,garfield,1645,24.4,9.85,lpull,Libellula,Libs,832.67,34.67
236,7/7/24,garfield,1645,24.4,3.35,dash,Pachydiplax,Libs,832.67,34.67
237,7/7/24,garfield,1645,24.4,9,lpull,Libellula,Libs,832.67,34.67
238,7/7/24,garfield,1645,24.4,8.59,dash,Pachydiplax,Libs,832.67,34.67
239,7/7/24,garfield,1645,24.4,16.5,lpull,Libellula,Libs,832.67,34.67
240,7/7/24,garfield,1645,24.4,33.6,lpull,Libellula,Libs,832.67,34.67
241,7/7/24,garfield,1645,24.4,9.32,lpull,Libellula,Libs,832.67,34.67
242,7/7/24,garfield,1645,24.4,6.1,dash,Pachydiplax,Libs,832.67,34.67
243,7/7/24,garfield,1645,24.4,23.97,dash,Pachydiplax,Libs,832.67,34.67
244,7/7/24,garfield,1645,24.4,4.28,dash,Pachydiplax,Libs,832.67,34.67
245,7/7/24,garfield,1645,24.4,9.41,dash,Pachydiplax,Libs,832.67,34.67
246,7/7/24,garfield,1645,24.4,12.34,dash,Pachydiplax,Libs,832.67,34.67
247,7/7/24,garfield,1645,24.4,12.16,dash,Pachydiplax,Libs,832.67,34.67
248,7/7/24,garfield,1645,24.4,7.38,lpull,Libellula,Libs,832.67,34.67
249,7/7/24,garfield,1645,24.4,11.75,dash,Pachydiplax,Libs,832.67,34.67
250,7/7/24,garfield,1645,24.4,4.25,dash,Pachydiplax,Libs,832.67,34.67
251,7/7/24,garfield,1645,24.4,7.78,dash,Pachydiplax,Libs,832.67,34.67
252,7/7/24,garfield,1645,24.4,6.31,dash,Pachydiplax,Libs,832.67,34.67
253,7/8/24,bear creek gb,1639,28.2,14.28,simp,Erythemis,Libs,1445.97,14.67
254,7/8/24,bear creek gb,1639,28.2,8.37,ll,Libellula,Libs,1445.97,14.67
255,7/8/24,bear creek gb,1639,28.2,12.06,pten,Perithemis,Libs,1445.97,14.67
256,7/8/24,bear creek gb,1639,28.2,2.53,symobs,Sympetrum,Libs,1445.97,14.67
257,7/8/24,bear creek gb,1639,28.2,17.66,pten,Perithemis,Libs,1445.97,14.67
258,7/8/24,bear creek gb,1639,28.2,10.47,ll,Libellula,Libs,1445.97,14.67
259,7/8/24,bear creek gb,1639,28.2,16.87,ply,Plathemis,Libs,1445.97,14.67
260,7/8/24,bear creek gb,1639,28.2,45.47,ply,Plathemis,Libs,1445.97,14.67
261,7/8/24,bear creek gb,1639,28.2,6.25,ply,Plathemis,Libs,1445.97,14.67
262,7/8/24,bear creek gb,1639,28.2,9.78,ply,Plathemis,Libs,1445.97,14.67
263,7/8/24,bear creek gb,1639,28.2,32.88,ply,Plathemis,Libs,1445.97,14.67
264,7/8/24,mud lake,2554,20,7.43,lq,Libellula,Libs,435.71,55
265,7/8/24,mud lake,2554,20,5.37,lq,Libellula,Libs,435.71,55
266,7/8/24,mud lake,2554,20,7.78,lq,Libellula,Libs,435.71,55
267,7/8/24,mud lake,2554,20,13.9,lq,Libellula,Libs,435.71,55
268,7/8/24,mud lake,2554,20,8.66,lq,Libellula,Libs,435.71,55
269,7/8/24,mud lake,2554,20,10.06,lq,Libellula,Libs,435.71,55
270,7/8/24,mud lake,2554,20,12.91,lq,Libellula,Libs,435.71,55
271,7/8/24,mud lake,2554,20,13.28,lq,Libellula,Libs,435.71,55
272,7/8/24,mud lake,2554,20,3.37,lq,Libellula,Libs,435.71,55
273,7/8/24,mud lake,2554,20,2.53,lq,Libellula,Libs,435.71,55
274,7/8/24,mud lake,2554,20,7.81,lq,Libellula,Libs,435.71,55
275,7/8/24,mud lake,2554,20,2.09,lq,Libellula,Libs,435.71,55
276,7/8/24,mud lake,2554,20,5.06,lq,Libellula,Libs,435.71,55
277,7/8/24,mud lake,2554,20,7.94,lq,Libellula,Libs,435.71,55
278,7/8/24,mud lake,2554,20,6.47,lq,Libellula,Libs,435.71,55
279,7/8/24,mud lake,2554,20,5.97,lq,Libellula,Libs,435.71,55
280,7/8/24,mud lake,2554,20,5.44,lq,Libellula,Libs,435.71,55
281,7/8/24,mud lake,2554,20,14.29,lq,Libellula,Libs,435.71,55
282,7/8/24,mud lake,2554,20,3.93,lq,Libellula,Libs,435.71,55
283,7/8/24,mud lake,2554,20,4.28,lq,Libellula,Libs,435.71,55
284,7/8/24,mud lake,2554,20,2.57,lq,Libellula,Libs,435.71,55
285,7/8/24,mud lake,2554,20,12.31,lq,Libellula,Libs,435.71,55
286,7/8/24,mud lake,2554,20,5.62,lq,Libellula,Libs,435.71,55
287,7/8/24,mud lake,2554,20,8.4,lq,Libellula,Libs,435.71,55
288,7/8/24,mud lake,2554,20,6.62,lq,Libellula,Libs,435.71,55
289,7/8/24,mud lake,2554,20,11.68,lq,Libellula,Libs,435.71,55
290,7/8/24,mud lake,2554,20,3.97,lq,Libellula,Libs,435.71,55
291,7/8/24,mud lake,2554,20,3.96,lq,Libellula,Libs,435.71,55
292,7/8/24,mud lake,2554,20,5.41,lq,Libellula,Libs,435.71,55
293,7/8/24,mud lake,2554,20,7.21,lq,Libellula,Libs,435.71,55
294,7/8/24,mud lake,2554,20,7.72,lq,Libellula,Libs,435.71,55
295,7/8/24,mud lake,2554,20,4.72,lq,Libellula,Libs,435.71,55
296,7/8/24,mud lake,2554,20,9.91,lq,Libellula,Libs,435.71,55
297,7/8/24,mud lake,2554,20,11.47,lq,Libellula,Libs,435.71,55
298,7/8/24,mud lake,2554,20,5.31,lq,Libellula,Libs,435.71,55
299,7/8/24,mud lake,2554,20,1.84,lq,Libellula,Libs,435.71,55
300,7/8/24,mud lake,2554,20,7.94,lq,Libellula,Libs,435.71,55
301,7/8/24,mud lake,2554,20,2.69,lq,Libellula,Libs,435.71,55
302,7/8/24,mud lake,2554,20,2.94,lq,Libellula,Libs,435.71,55
303,7/8/24,mud lake,2554,20,2.09,lq,Libellula,Libs,435.71,55
304,7/8/24,mud lake,2554,20,4.72,lq,Libellula,Libs,435.71,55
305,7/8/24,mud lake,2554,20,2.08,lq,Libellula,Libs,435.71,55
306,7/8/24,mud lake,2554,20,5.38,lq,Libellula,Libs,435.71,55
307,7/8/24,mud lake,2554,20,6.31,lq,Libellula,Libs,435.71,55
308,7/8/24,mud lake,2554,20,2.19,junc,Aeshna,Aeshnids,435.71,55
309,7/8/24,mud lake,2554,20,6.6,lq,Libellula,Libs,435.71,55
310,7/8/24,mud lake,2554,20,1.72,junc,Aeshna,Aeshnids,435.71,55
311,7/8/24,mud lake,2554,20,5.31,lq,Libellula,Libs,435.71,55
312,7/8/24,mud lake,2554,20,3.57,lq,Libellula,Libs,435.71,55
313,7/8/24,mud lake,2554,20,5.35,lq,Libellula,Libs,435.71,55
314,7/8/24,mud lake,2554,20,10.69,lq,Libellula,Libs,435.71,55
315,7/8/24,mud lake,2554,20,2.44,lq,Libellula,Libs,435.71,55
316,7/8/24,mud lake,2554,20,6.66,lq,Libellula,Libs,435.71,55
317,7/8/24,mud lake,2554,20,2.88,lq,Libellula,Libs,435.71,55
318,7/8/24,mud lake,2554,20,6.28,lq,Libellula,Libs,435.71,55
319,7/9/24,golden ponds,1522,28.9,7.31,ll,Libellula,Libs,2959.53,26.67
320,7/9/24,golden ponds,1522,28.9,5.41,ll,Libellula,Libs,2959.53,26.67
321,7/9/24,golden ponds,1522,28.9,14.63,ll,Libellula,Libs,2959.53,26.67
322,7/9/24,golden ponds,1522,28.9,5.06,ll,Libellula,Libs,2959.53,26.67
323,7/9/24,golden ponds,1522,28.9,2.5,ll,Libellula,Libs,2959.53,26.67
324,7/9/24,golden ponds,1522,28.9,11.68,ll,Libellula,Libs,2959.53,26.67
325,7/9/24,golden ponds,1522,28.9,1.86,ll,Libellula,Libs,2959.53,26.67
326,7/9/24,golden ponds,1522,28.9,10.59,simp,Erythemis,Libs,2959.53,26.67
327,7/9/24,golden ponds,1522,28.9,5.72,ply,Plathemis,Libs,2959.53,26.67
328,7/9/24,golden ponds,1522,28.9,8.25,ply,Plathemis,Libs,2959.53,26.67
329,7/9/24,golden ponds,1522,28.9,21.78,ll,Libellula,Libs,2959.53,26.67
330,7/9/24,golden ponds,1522,28.9,4.53,ll,Libellula,Libs,2959.53,26.67
331,7/9/24,golden ponds,1522,28.9,16.4,ply,Plathemis,Libs,2959.53,26.67
332,7/9/24,golden ponds,1522,28.9,20.7,ply,Plathemis,Libs,2959.53,26.67
333,7/9/24,golden ponds,1522,28.9,33.5,ply,Plathemis,Libs,2959.53,26.67
334,7/9/24,golden ponds,1522,28.9,19.47,ply,Plathemis,Libs,2959.53,26.67
335,7/9/24,golden ponds,1522,28.9,8.69,pten,Perithemis,Libs,2959.53,26.67
336,7/9/24,golden ponds,1522,28.9,5.22,ll,Libellula,Libs,2959.53,26.67
337,7/9/24,golden ponds,1522,28.9,4.06,ply,Plathemis,Libs,2959.53,26.67
338,7/9/24,golden ponds,1522,28.9,12.29,ply,Plathemis,Libs,2959.53,26.67
339,7/9/24,beaver pond,2479,29.3,7.78,lq,Libellula,Libs,168.8,66.67
340,7/9/24,beaver pond,2479,29.3,1.59,lq,Libellula,Libs,168.8,66.67
341,7/9/24,beaver pond,2479,29.3,2.41,lq,Libellula,Libs,168.8,66.67
342,7/9/24,beaver pond,2479,29.3,2.44,lq,Libellula,Libs,168.8,66.67
343,7/9/24,beaver pond,2479,29.3,2.66,lq,Libellula,Libs,168.8,66.67
344,7/9/24,beaver pond,2479,29.3,1.56,lq,Libellula,Libs,168.8,66.67
345,7/9/24,beaver pond,2479,29.3,2.35,lq,Libellula,Libs,168.8,66.67
346,7/9/24,beaver pond,2479,29.3,1.82,lq,Libellula,Libs,168.8,66.67
347,7/9/24,beaver pond,2479,29.3,1.75,lq,Libellula,Libs,168.8,66.67
348,7/9/24,beaver pond,2479,29.3,2.34,lq,Libellula,Libs,168.8,66.67
349,7/9/24,beaver pond,2479,29.3,1.93,lq,Libellula,Libs,168.8,66.67
350,7/9/24,beaver pond,2479,29.3,1.13,lq,Libellula,Libs,168.8,66.67
351,7/9/24,beaver pond,2479,29.3,2.56,lq,Libellula,Libs,168.8,66.67
352,7/9/24,beaver pond,2479,29.3,2.37,lq,Libellula,Libs,168.8,66.67
353,7/9/24,beaver pond,2479,29.3,0.81,lq,Libellula,Libs,168.8,66.67
354,7/9/24,beaver pond,2479,29.3,1.58,lq,Libellula,Libs,168.8,66.67
355,7/9/24,beaver pond,2479,29.3,0.91,lq,Libellula,Libs,168.8,66.67
356,7/9/24,beaver pond,2479,29.3,1.72,lq,Libellula,Libs,168.8,66.67
357,7/9/24,beaver pond,2479,29.3,1.47,lq,Libellula,Libs,168.8,66.67
358,7/9/24,beaver pond,2479,29.3,1.28,lq,Libellula,Libs,168.8,66.67
359,7/9/24,beaver pond,2479,29.3,8.47,lq,Libellula,Libs,168.8,66.67
360,7/9/24,beaver pond,2479,29.3,1.37,lq,Libellula,Libs,168.8,66.67
361,7/9/24,beaver pond,2479,29.3,2.5,lq,Libellula,Libs,168.8,66.67
362,7/9/24,beaver pond,2479,29.3,3.41,lq,Libellula,Libs,168.8,66.67
363,7/9/24,beaver pond,2479,29.3,1.5,lq,Libellula,Libs,168.8,66.67
364,7/9/24,beaver pond,2479,29.3,1.97,lq,Libellula,Libs,168.8,66.67
365,7/9/24,beaver pond,2479,29.3,1.32,lq,Libellula,Libs,168.8,66.67
366,7/9/24,beaver pond,2479,29.3,1,lq,Libellula,Libs,168.8,66.67
367,7/9/24,beaver pond,2479,29.3,1.28,lq,Libellula,Libs,168.8,66.67
368,7/9/24,beaver pond,2479,29.3,2.41,lq,Libellula,Libs,168.8,66.67
369,7/9/24,beaver pond,2479,29.3,4,lq,Libellula,Libs,168.8,66.67
370,7/9/24,beaver pond,2479,29.3,2.28,lq,Libellula,Libs,168.8,66.67
371,7/9/24,beaver pond,2479,29.3,3.41,lq,Libellula,Libs,168.8,66.67
372,7/9/24,beaver pond,2479,29.3,1.47,lq,Libellula,Libs,168.8,66.67
373,7/9/24,beaver pond,2479,29.3,2.22,lq,Libellula,Libs,168.8,66.67
374,7/9/24,beaver pond,2479,29.3,1.09,lq,Libellula,Libs,168.8,66.67
375,7/9/24,beaver pond,2479,29.3,1.93,lq,Libellula,Libs,168.8,66.67
376,7/9/24,beaver pond,2479,29.3,2.53,lq,Libellula,Libs,168.8,66.67
377,7/9/24,beaver pond,2479,29.3,1.78,lq,Libellula,Libs,168.8,66.67
378,7/9/24,beaver pond,2479,29.3,2.41,lq,Libellula,Libs,168.8,66.67
379,7/9/24,beaver pond,2479,29.3,1.66,lq,Libellula,Libs,168.8,66.67
380,7/9/24,beaver pond,2479,29.3,2.91,lq,Libellula,Libs,168.8,66.67
381,7/9/24,beaver pond,2479,29.3,4.84,lq,Libellula,Libs,168.8,66.67
382,7/9/24,beaver pond,2479,29.3,1.75,lq,Libellula,Libs,168.8,66.67
383,7/9/24,beaver pond,2479,29.3,1,lq,Libellula,Libs,168.8,66.67
384,7/9/24,beaver pond,2479,29.3,0.91,lq,Libellula,Libs,168.8,66.67
385,7/9/24,beaver pond,2479,29.3,1.19,lq,Libellula,Libs,168.8,66.67
386,7/9/24,beaver pond,2479,29.3,2.25,lq,Libellula,Libs,168.8,66.67
387,7/9/24,beaver pond,2479,29.3,0.93,lq,Libellula,Libs,168.8,66.67
388,7/9/24,beaver pond,2479,29.3,3.5,lq,Libellula,Libs,168.8,66.67
389,7/9/24,beaver pond,2479,29.3,1.97,lq,Libellula,Libs,168.8,66.67
390,7/9/24,beaver pond,2479,29.3,1.16,lq,Libellula,Libs,168.8,66.67
391,7/9/24,beaver pond,2479,29.3,0.85,lq,Libellula,Libs,168.8,66.67
392,7/9/24,beaver pond,2479,29.3,1.88,lq,Libellula,Libs,168.8,66.67
393,7/9/24,beaver pond,2479,29.3,0.69,lq,Libellula,Libs,168.8,66.67
394,7/9/24,beaver pond,2479,29.3,1.43,lq,Libellula,Libs,168.8,66.67
395,7/9/24,beaver pond,2479,29.3,2.04,lq,Libellula,Libs,168.8,66.67
396,7/9/24,beaver pond,2479,29.3,5.34,lq,Libellula,Libs,168.8,66.67
397,7/9/24,beaver pond,2479,29.3,2.04,lq,Libellula,Libs,168.8,66.67
398,7/9/24,beaver pond,2479,29.3,2.13,lq,Libellula,Libs,168.8,66.67
399,7/9/24,beaver pond,2479,29.3,4.1,lq,Libellula,Libs,168.8,66.67
400,7/9/24,beaver pond,2479,29.3,3.04,lq,Libellula,Libs,168.8,66.67
401,7/9/24,beaver pond,2479,29.3,2.85,lq,Libellula,Libs,168.8,66.67
402,7/9/24,beaver pond,2479,29.3,1.47,lq,Libellula,Libs,168.8,66.67
403,7/9/24,beaver pond,2479,29.3,0.91,lq,Libellula,Libs,168.8,66.67
404,7/9/24,beaver pond,2479,29.3,0.75,lq,Libellula,Libs,168.8,66.67
405,7/9/24,beaver pond,2479,29.3,4.22,lq,Libellula,Libs,168.8,66.67
406,7/9/24,beaver pond,2479,29.3,3.31,lq,Libellula,Libs,168.8,66.67
407,7/9/24,beaver pond,2479,29.3,2.22,lq,Libellula,Libs,168.8,66.67
408,7/9/24,beaver pond,2479,29.3,3.03,lq,Libellula,Libs,168.8,66.67
409,7/9/24,beaver pond,2479,29.3,1.32,lq,Libellula,Libs,168.8,66.67
410,7/9/24,beaver pond,2479,29.3,1.59,lq,Libellula,Libs,168.8,66.67
411,7/9/24,beaver pond,2479,29.3,1.38,lq,Libellula,Libs,168.8,66.67
412,7/9/24,beaver pond,2479,29.3,1.19,lq,Libellula,Libs,168.8,66.67
413,7/9/24,beaver pond,2479,29.3,1.81,lq,Libellula,Libs,168.8,66.67
414,7/9/24,beaver pond,2479,29.3,0.91,lq,Libellula,Libs,168.8,66.67
415,7/9/24,beaver pond,2479,29.3,1.96,lq,Libellula,Libs,168.8,66.67
416,7/9/24,beaver pond,2479,29.3,1.63,lq,Libellula,Libs,168.8,66.67
417,7/9/24,beaver pond,2479,29.3,1.37,lq,Libellula,Libs,168.8,66.67
418,7/9/24,beaver pond,2479,29.3,1.68,lq,Libellula,Libs,168.8,66.67
419,7/9/24,beaver pond,2479,29.3,3.75,lq,Libellula,Libs,168.8,66.67
420,7/9/24,beaver pond,2479,29.3,0.85,lq,Libellula,Libs,168.8,66.67
421,7/9/24,beaver pond,2479,29.3,1.47,lq,Libellula,Libs,168.8,66.67
422,7/9/24,beaver pond,2479,29.3,2.16,lq,Libellula,Libs,168.8,66.67
423,7/9/24,beaver pond,2479,29.3,1.19,lq,Libellula,Libs,168.8,66.67
424,7/9/24,beaver pond,2479,29.3,2.97,lq,Libellula,Libs,168.8,66.67
425,7/9/24,beaver pond,2479,29.3,3.09,lq,Libellula,Libs,168.8,66.67
426,7/9/24,beaver pond,2479,29.3,2.09,lq,Libellula,Libs,168.8,66.67
427,7/9/24,beaver pond,2479,29.3,0.75,lq,Libellula,Libs,168.8,66.67
428,7/9/24,beaver pond,2479,29.3,2.47,lq,Libellula,Libs,168.8,66.67
429,7/9/24,beaver pond,2479,29.3,3.19,lq,Libellula,Libs,168.8,66.67
430,7/9/24,beaver pond,2479,29.3,2.79,lq,Libellula,Libs,168.8,66.67
431,7/9/24,beaver pond,2479,29.3,2.72,lq,Libellula,Libs,168.8,66.67
432,7/9/24,beaver pond,2479,29.3,3.75,lq,Libellula,Libs,168.8,66.67
433,7/9/24,beaver pond,2479,29.3,2.78,lq,Libellula,Libs,168.8,66.67
434,7/9/24,beaver pond,2479,29.3,2.06,lq,Libellula,Libs,168.8,66.67
435,7/9/24,beaver pond,2479,29.3,1.32,lq,Libellula,Libs,168.8,66.67
436,7/9/24,beaver pond,2479,29.3,2.5,lq,Libellula,Libs,168.8,66.67
437,7/9/24,beaver pond,2479,29.3,1.59,lq,Libellula,Libs,168.8,66.67
438,7/9/24,beaver pond,2479,29.3,1.78,lq,Libellula,Libs,168.8,66.67
439,7/12/24,echo,3237,24.4,1.09,palm,Aeshna,Aeshnids,1258.94,24
440,7/12/24,echo,3237,24.4,0.71,palm,Aeshna,Aeshnids,1258.94,24
441,7/12/24,echo,3237,24.4,0.63,palm,Aeshna,Aeshnids,1258.94,24
442,7/12/24,echo,3237,24.4,1.5,palm,Aeshna,Aeshnids,1258.94,24
443,7/12/24,echo,3237,24.4,2.25,palm,Aeshna,Aeshnids,1258.94,24
444,7/12/24,echo,3237,24.4,6.03,palm,Aeshna,Aeshnids,1258.94,24
445,7/12/24,echo,3237,24.4,3.88,palm,Aeshna,Aeshnids,1258.94,24
446,7/12/24,echo,3237,24.4,0.38,palm,Aeshna,Aeshnids,1258.94,24
447,7/12/24,echo,3237,24.4,1.69,lq,Libellula,Libs,1258.94,24
448,7/12/24,echo,3237,24.4,2.69,lq,Libellula,Libs,1258.94,24
449,7/12/24,echo,3237,24.4,1.31,lq,Libellula,Libs,1258.94,24
450,7/12/24,echo,3237,24.4,2.22,lq,Libellula,Libs,1258.94,24
451,7/12/24,echo,3237,24.4,0.5,lq,Libellula,Libs,1258.94,24
452,7/12/24,echo,3237,24.4,1.59,lq,Libellula,Libs,1258.94,24
453,7/12/24,echo,3237,24.4,0.9,lq,Libellula,Libs,1258.94,24
454,7/12/24,echo,3237,24.4,1.32,lq,Libellula,Libs,1258.94,24
455,7/12/24,echo,3237,24.4,1.28,lq,Libellula,Libs,1258.94,24
456,7/12/24,echo,3237,24.4,1.78,lq,Libellula,Libs,1258.94,24
457,7/18/24,garfield,1645,30.56,11.84,dash,Pachydiplax,Libs,832.67,33.33
458,7/18/24,garfield,1645,30.56,7.22,dash,Pachydiplax,Libs,832.67,33.33
459,7/18/24,garfield,1645,30.56,19.56,dash,Pachydiplax,Libs,832.67,33.33
460,7/18/24,garfield,1645,30.56,11.18,lpull,Libellula,Libs,832.67,33.33
461,7/18/24,garfield,1645,30.56,14.81,dash,Pachydiplax,Libs,832.67,33.33
462,7/18/24,garfield,1645,30.56,3.44,pten,Perithemis,Libs,832.67,33.33
463,7/18/24,garfield,1645,30.56,5.94,dash,Pachydiplax,Libs,832.67,33.33
464,7/18/24,garfield,1645,30.56,15.94,ll,Libellula,Libs,832.67,33.33
465,7/18/24,garfield,1645,30.56,19.9,ll,Libellula,Libs,832.67,33.33
466,7/18/24,garfield,1645,30.56,3.06,dash,Pachydiplax,Libs,832.67,33.33
467,7/18/24,garfield,1645,30.56,2,dash,Pachydiplax,Libs,832.67,33.33
468,7/18/24,garfield,1645,30.56,2.56,dash,Pachydiplax,Libs,832.67,33.33
469,7/18/24,garfield,1645,30.56,6.25,dash,Pachydiplax,Libs,832.67,33.33
470,7/18/24,garfield,1645,30.56,13.53,dash,Pachydiplax,Libs,832.67,33.33
471,7/18/24,garfield,1645,30.56,4.59,dash,Pachydiplax,Libs,832.67,33.33
472,7/18/24,garfield,1645,30.56,5.56,dash,Pachydiplax,Libs,832.67,33.33
473,7/18/24,garfield,1645,30.56,3.5,dash,Pachydiplax,Libs,832.67,33.33
474,7/18/24,garfield,1645,30.56,9.78,dash,Pachydiplax,Libs,832.67,33.33
475,7/18/24,garfield,1645,30.56,8.9,dash,Pachydiplax,Libs,832.67,33.33
476,7/18/24,garfield,1645,30.56,29.56,lpull,Libellula,Libs,832.67,33.33
477,7/18/24,garfield,1645,30.56,1.96,dash,Pachydiplax,Libs,832.67,33.33
478,7/18/24,garfield,1645,30.56,5.65,dash,Pachydiplax,Libs,832.67,33.33
479,7/18/24,garfield,1645,30.56,5.85,dash,Pachydiplax,Libs,832.67,33.33
480,7/18/24,garfield,1645,30.56,5.03,dash,Pachydiplax,Libs,832.67,33.33
481,7/18/24,garfield,1645,30.56,6.06,dash,Pachydiplax,Libs,832.67,33.33
482,7/18/24,garfield,1645,30.56,5.59,dash,Pachydiplax,Libs,832.67,33.33
483,7/18/24,garfield,1645,30.56,5.47,dash,Pachydiplax,Libs,832.67,33.33
484,7/18/24,garfield,1645,30.56,10.22,dash,Pachydiplax,Libs,832.67,33.33
485,7/18/24,garfield,1645,30.56,8.71,dash,Pachydiplax,Libs,832.67,33.33
486,7/18/24,garfield,1645,30.56,3.25,simp,Erythemis,Libs,832.67,33.33
487,7/18/24,garfield,1645,30.56,23.19,lpull,Libellula,Libs,832.67,33.33
488,7/18/24,garfield,1645,30.56,8.84,lpull,Libellula,Libs,832.67,33.33
489,7/18/24,garfield,1645,30.56,4.75,dash,Pachydiplax,Libs,832.67,33.33
490,7/18/24,garfield,1645,30.56,13.5,simp,Erythemis,Libs,832.67,33.33
491,7/18/24,garfield,1645,30.56,4.69,dash,Pachydiplax,Libs,832.67,33.33
492,7/18/24,garfield,1645,30.56,6.34,pten,Perithemis,Libs,832.67,33.33
493,7/18/24,garfield,1645,30.56,6.25,pten,Perithemis,Libs,832.67,33.33
494,7/18/24,garfield,1645,30.56,13.84,lpull,Libellula,Libs,832.67,33.33
495,7/18/24,garfield,1645,30.56,6.57,dash,Pachydiplax,Libs,832.67,33.33
496,7/18/24,garfield,1645,30.56,6.69,dash,Pachydiplax,Libs,832.67,33.33
497,7/18/24,garfield,1645,30.56,11.47,ll,Libellula,Libs,832.67,33.33
498,7/18/24,garfield,1645,30.56,13.69,ply,Plathemis,Libs,832.67,33.33
499,7/18/24,garfield,1645,30.56,8.22,ll,Libellula,Libs,832.67,33.33
500,7/18/24,garfield,1645,30.56,15.41,ply,Plathemis,Libs,832.67,33.33
501,7/18/24,garfield,1645,30.56,9.75,ply,Plathemis,Libs,832.67,33.33
502,7/18/24,garfield,1645,30.56,6.06,ply,Plathemis,Libs,832.67,33.33
503,7/18/24,garfield,1645,30.56,9.47,ply,Plathemis,Libs,832.67,33.33
504,7/18/24,garfield,1645,30.56,17.56,ll,Libellula,Libs,832.67,33.33
505,7/18/24,garfield,1645,30.56,15.35,lpull,Libellula,Libs,832.67,33.33
506,7/18/24,garfield,1645,30.56,14.72,lpull,Libellula,Libs,832.67,33.33
507,7/20/24,lake estes,2276,23.3,9.82,lq,Libellula,Libs,4809.02,34.29
508,7/20/24,lake estes,2276,23.3,6.03,lq,Libellula,Libs,4809.02,34.29
509,7/20/24,lake estes,2276,23.3,3.96,lq,Libellula,Libs,4809.02,34.29
510,7/20/24,lake estes,2276,23.3,3.91,lq,Libellula,Libs,4809.02,34.29
511,7/20/24,lake estes,2276,23.3,3.41,lq,Libellula,Libs,4809.02,34.29
512,7/20/24,lake estes,2276,23.3,9.42,lq,Libellula,Libs,4809.02,34.29
513,7/20/24,lake estes,2276,23.3,5.09,lq,Libellula,Libs,4809.02,34.29
514,7/20/24,lake estes,2276,23.3,6.4,lq,Libellula,Libs,4809.02,34.29
515,7/20/24,lake estes,2276,23.3,3.69,lq,Libellula,Libs,4809.02,34.29
516,7/20/24,lake estes,2276,23.3,2.72,lq,Libellula,Libs,4809.02,34.29
517,7/20/24,lake estes,2276,23.3,3.1,lq,Libellula,Libs,4809.02,34.29
518,7/20/24,lake estes,2276,23.3,3.66,lq,Libellula,Libs,4809.02,34.29
519,7/20/24,lake estes,2276,23.3,14.37,lq,Libellula,Libs,4809.02,34.29
520,7/20/24,lake estes,2276,23.3,4.38,lq,Libellula,Libs,4809.02,34.29
521,7/20/24,lake estes,2276,23.3,3.29,lq,Libellula,Libs,4809.02,34.29
522,7/20/24,lake estes,2276,23.3,4.09,lq,Libellula,Libs,4809.02,34.29
523,7/20/24,lake estes,2276,23.3,4.37,lq,Libellula,Libs,4809.02,34.29
524,7/20/24,lake estes,2276,23.3,6.04,lq,Libellula,Libs,4809.02,34.29
525,7/20/24,lake estes,2276,23.3,3.35,lq,Libellula,Libs,4809.02,34.29
526,7/20/24,lake estes,2276,23.3,5.16,lq,Libellula,Libs,4809.02,34.29
527,7/20/24,lake estes,2276,23.3,6.75,lq,Libellula,Libs,4809.02,34.29
528,7/20/24,lake estes,2276,23.3,3.25,lq,Libellula,Libs,4809.02,34.29
529,7/20/24,lake estes,2276,23.3,6.32,lq,Libellula,Libs,4809.02,34.29
530,7/20/24,lake estes,2276,23.3,3.09,lq,Libellula,Libs,4809.02,34.29
531,7/20/24,lake estes,2276,23.3,4.43,lq,Libellula,Libs,4809.02,34.29
532,7/20/24,lake estes,2276,23.3,4,lpull,Libellula,Libs,4809.02,34.29
533,7/20/24,lake estes,2276,23.3,13.75,lpull,Libellula,Libs,4809.02,34.29
534,7/20/24,lake estes,2276,23.3,5.81,lq,Libellula,Libs,4809.02,34.29
535,7/20/24,lake estes,2276,23.3,9.5,lq,Libellula,Libs,4809.02,34.29
536,7/20/24,lake estes,2276,23.3,1.65,palm,Aeshna,Aeshnids,4809.02,34.29
537,7/20/24,lake estes,2276,23.3,5.56,lq,Libellula,Libs,4809.02,34.29
538,7/20/24,lake estes,2276,23.3,12.69,lq,Libellula,Libs,4809.02,34.29
539,7/20/24,lake estes,2276,23.3,10.09,lq,Libellula,Libs,4809.02,34.29
540,7/20/24,lake estes,2276,23.3,9.41,lq,Libellula,Libs,4809.02,34.29
541,7/20/24,lake estes,2276,23.3,5.56,lq,Libellula,Libs,4809.02,34.29
542,7/20/24,lake estes,2276,23.3,10.16,lq,Libellula,Libs,4809.02,34.29
543,7/20/24,lake estes,2276,23.3,12.03,lq,Libellula,Libs,4809.02,34.29
544,7/20/24,lake estes,2276,23.3,2.62,lq,Libellula,Libs,4809.02,34.29
545,7/20/24,lake estes,2276,23.3,3.72,palm,Aeshna,Aeshnids,4809.02,34.29
546,7/20/24,lake estes,2276,23.3,5.97,palm,Aeshna,Aeshnids,4809.02,34.29
547,7/20/24,lake estes,2276,23.3,8.87,lq,Libellula,Libs,4809.02,34.29
548,7/20/24,lake estes,2276,23.3,7.25,palm,Aeshna,Aeshnids,4809.02,34.29
549,7/20/24,lake estes,2276,23.3,6.78,lq,Libellula,Libs,4809.02,34.29
550,7/20/24,lake estes,2276,23.3,6.53,lq,Libellula,Libs,4809.02,34.29
551,7/20/24,lake estes,2276,23.3,9.57,palm,Aeshna,Aeshnids,4809.02,34.29
552,7/20/24,lake estes,2276,23.3,7.87,lq,Libellula,Libs,4809.02,34.29
553,7/20/24,lake estes,2276,23.3,6.03,lq,Libellula,Libs,4809.02,34.29
554,7/20/24,lake estes,2276,23.3,9.81,palm,Aeshna,Aeshnids,4809.02,34.29
555,7/20/24,lake estes,2276,23.3,12.06,lq,Libellula,Libs,4809.02,34.29
556,7/20/24,lake estes,2276,23.3,7.1,palm,Aeshna,Aeshnids,4809.02,34.29
557,7/20/24,lake estes,2276,23.3,5.5,lq,Libellula,Libs,4809.02,34.29
558,7/20/24,lake estes,2276,23.3,7.35,palm,Aeshna,Aeshnids,4809.02,34.29
559,7/20/24,lake estes,2276,23.3,12.63,lq,Libellula,Libs,4809.02,34.29
560,7/20/24,lake estes,2276,23.3,3.22,lq,Libellula,Libs,4809.02,34.29
561,7/20/24,lake estes,2276,23.3,2.81,palm,Aeshna,Aeshnids,4809.02,34.29
562,7/20/24,lake estes,2276,23.3,9.09,palm,Aeshna,Aeshnids,4809.02,34.29
563,7/20/24,lake estes,2276,23.3,6.9,palm,Aeshna,Aeshnids,4809.02,34.29
564,7/20/24,lake estes,2276,23.3,7.31,lq,Libellula,Libs,4809.02,34.29
565,7/20/24,lake estes,2276,23.3,6.03,palm,Aeshna,Aeshnids,4809.02,34.29
566,7/20/24,lake estes,2276,23.3,11.78,lq,Libellula,Libs,4809.02,34.29
567,7/20/24,lily lake,2721,22.78,4.32,lq,Libellula,Libs,1264.54,120
568,7/20/24,lily lake,2721,22.78,2.09,lq,Libellula,Libs,1264.54,120
569,7/20/24,lily lake,2721,22.78,1.75,lq,Libellula,Libs,1264.54,120
570,7/20/24,lily lake,2721,22.78,5.28,lq,Libellula,Libs,1264.54,120
571,7/20/24,lily lake,2721,22.78,1.81,lq,Libellula,Libs,1264.54,120
572,7/20/24,lily lake,2721,22.78,1.72,lq,Libellula,Libs,1264.54,120
573,7/20/24,lily lake,2721,22.78,3.18,lq,Libellula,Libs,1264.54,120
574,7/20/24,lily lake,2721,22.78,2.53,lq,Libellula,Libs,1264.54,120
575,7/20/24,lily lake,2721,22.78,4.56,lq,Libellula,Libs,1264.54,120
576,7/20/24,lily lake,2721,22.78,3.21,lq,Libellula,Libs,1264.54,120
577,7/20/24,lily lake,2721,22.78,7.9,lq,Libellula,Libs,1264.54,120
578,7/20/24,lily lake,2721,22.78,6.69,lq,Libellula,Libs,1264.54,120
579,7/20/24,lily lake,2721,22.78,4.47,lq,Libellula,Libs,1264.54,120
580,7/20/24,lily lake,2721,22.78,2.22,lq,Libellula,Libs,1264.54,120
581,7/20/24,lily lake,2721,22.78,4.25,lq,Libellula,Libs,1264.54,120
582,7/20/24,lily lake,2721,22.78,0.87,lq,Libellula,Libs,1264.54,120
583,7/20/24,lily lake,2721,22.78,5.19,lq,Libellula,Libs,1264.54,120
584,7/20/24,lily lake,2721,22.78,3.5,lq,Libellula,Libs,1264.54,120
585,7/20/24,lily lake,2721,22.78,2.38,lq,Libellula,Libs,1264.54,120
586,7/20/24,lily lake,2721,22.78,2.72,lq,Libellula,Libs,1264.54,120
587,7/20/24,lily lake,2721,22.78,2.5,lq,Libellula,Libs,1264.54,120
588,7/20/24,lily lake,2721,22.78,3.56,lq,Libellula,Libs,1264.54,120
589,7/20/24,lily lake,2721,22.78,2.91,lq,Libellula,Libs,1264.54,120
590,7/20/24,lily lake,2721,22.78,2.25,lq,Libellula,Libs,1264.54,120
591,7/20/24,lily lake,2721,22.78,3.53,lq,Libellula,Libs,1264.54,120
592,7/20/24,lily lake,2721,22.78,2.44,lq,Libellula,Libs,1264.54,120
593,7/20/24,lily lake,2721,22.78,1.81,lq,Libellula,Libs,1264.54,120
594,7/20/24,lily lake,2721,22.78,1.84,lq,Libellula,Libs,1264.54,120
595,7/20/24,lily lake,2721,22.78,2.13,lq,Libellula,Libs,1264.54,120
596,7/20/24,lily lake,2721,22.78,3.53,lq,Libellula,Libs,1264.54,120
597,7/20/24,lily lake,2721,22.78,3.81,lq,Libellula,Libs,1264.54,120
598,7/20/24,lily lake,2721,22.78,3.78,lq,Libellula,Libs,1264.54,120
599,7/20/24,lily lake,2721,22.78,1.75,lq,Libellula,Libs,1264.54,120
600,7/20/24,lily lake,2721,22.78,3.85,lq,Libellula,Libs,1264.54,120
601,7/20/24,lily lake,2721,22.78,3.69,lq,Libellula,Libs,1264.54,120
602,7/20/24,lily lake,2721,22.78,2.71,lq,Libellula,Libs,1264.54,120
603,7/20/24,lily lake,2721,22.78,4.47,lq,Libellula,Libs,1264.54,120
604,7/20/24,lily lake,2721,22.78,1.12,lq,Libellula,Libs,1264.54,120
605,7/20/24,lily lake,2721,22.78,1.84,lq,Libellula,Libs,1264.54,120
606,7/20/24,lily lake,2721,22.78,1.93,lq,Libellula,Libs,1264.54,120
607,7/20/24,lily lake,2721,22.78,1.75,lq,Libellula,Libs,1264.54,120
608,7/20/24,lily lake,2721,22.78,2.87,lq,Libellula,Libs,1264.54,120
609,7/20/24,lily lake,2721,22.78,2.6,lq,Libellula,Libs,1264.54,120
610,7/20/24,lily lake,2721,22.78,3.03,lq,Libellula,Libs,1264.54,120
611,7/20/24,lily lake,2721,22.78,3.53,lq,Libellula,Libs,1264.54,120
612,7/20/24,lily lake,2721,22.78,3.44,lq,Libellula,Libs,1264.54,120
613,7/20/24,lily lake,2721,22.78,6.68,lq,Libellula,Libs,1264.54,120
614,7/20/24,lily lake,2721,22.78,2.16,lq,Libellula,Libs,1264.54,120
615,7/20/24,lily lake,2721,22.78,1.28,lq,Libellula,Libs,1264.54,120
616,7/20/24,lily lake,2721,22.78,3.04,lq,Libellula,Libs,1264.54,120
617,7/20/24,lily lake,2721,22.78,4.88,lq,Libellula,Libs,1264.54,120
618,7/20/24,lily lake,2721,22.78,2.03,lq,Libellula,Libs,1264.54,120
619,7/20/24,lily lake,2721,22.78,1.53,lq,Libellula,Libs,1264.54,120
620,7/20/24,lily lake,2721,22.78,1.78,lq,Libellula,Libs,1264.54,120
621,7/20/24,lily lake,2721,22.78,2.59,lq,Libellula,Libs,1264.54,120
622,7/20/24,lily lake,2721,22.78,2.53,lq,Libellula,Libs,1264.54,120
623,7/20/24,lily lake,2721,22.78,1.15,lq,Libellula,Libs,1264.54,120
624,7/20/24,lily lake,2721,22.78,1.97,lq,Libellula,Libs,1264.54,120
625,7/20/24,lily lake,2721,22.78,4.66,lq,Libellula,Libs,1264.54,120
626,7/20/24,lily lake,2721,22.78,2.16,lq,Libellula,Libs,1264.54,120
627,7/22/24,ranger,2823,16.1,2.96,belt,Leucorrhinia,Libs,2279.38,68
628,7/22/24,ranger,2823,16.1,5.51,amem,Cordulia,Cords,2279.38,68
629,7/22/24,ranger,2823,16.1,3.28,amem,Cordulia,Cords,2279.38,68
630,7/22/24,ranger,2823,16.1,1.97,amem,Cordulia,Cords,2279.38,68
631,7/22/24,ranger,2823,16.1,1.35,amem,Cordulia,Cords,2279.38,68
632,7/22/24,ranger,2823,16.1,4,amem,Cordulia,Cords,2279.38,68
633,7/22/24,ranger,2823,16.1,3.63,amem,Cordulia,Cords,2279.38,68
634,7/22/24,ranger,2823,16.1,14.41,amem,Cordulia,Cords,2279.38,68
635,7/22/24,ranger,2823,16.1,6.37,amem,Cordulia,Cords,2279.38,68
636,7/22/24,ranger,2823,16.1,3.66,amem,Cordulia,Cords,2279.38,68
637,7/22/24,ranger,2823,16.1,2.94,amem,Cordulia,Cords,2279.38,68
638,7/22/24,ranger,2823,16.1,0.88,amem,Cordulia,Cords,2279.38,68
639,7/22/24,ranger,2823,16.1,1.41,amem,Cordulia,Cords,2279.38,68
640,7/22/24,ranger,2823,16.1,2.12,amem,Cordulia,Cords,2279.38,68
641,7/22/24,ranger,2823,16.1,1.41,belt,Leucorrhinia,Libs,2279.38,68
642,7/22/24,ranger,2823,16.1,0.75,amem,Cordulia,Cords,2279.38,68
643,7/22/24,ranger,2823,16.1,4.65,amem,Cordulia,Cords,2279.38,68
644,7/22/24,ranger,2823,16.1,8.25,amem,Cordulia,Cords,2279.38,68
645,7/22/24,ranger,2823,16.1,1.66,amem,Cordulia,Cords,2279.38,68
646,7/22/24,ranger,2823,16.1,6.41,amem,Cordulia,Cords,2279.38,68
647,7/22/24,ranger,2823,16.1,1.66,amem,Cordulia,Cords,2279.38,68
648,7/22/24,ranger,2823,16.1,0.59,amem,Cordulia,Cords,2279.38,68
649,7/22/24,ranger,2823,16.1,1.44,amem,Cordulia,Cords,2279.38,68
650,7/22/24,ranger,2823,16.1,0.46,belt,Leucorrhinia,Libs,2279.38,68
651,7/22/24,ranger,2823,16.1,0.44,belt,Leucorrhinia,Libs,2279.38,68
652,7/22/24,ranger,2823,16.1,1.78,belt,Leucorrhinia,Libs,2279.38,68
653,7/22/24,ranger,2823,16.1,1.03,belt,Leucorrhinia,Libs,2279.38,68
654,7/22/24,ranger,2823,16.1,1.25,belt,Leucorrhinia,Libs,2279.38,68
655,7/22/24,ranger,2823,16.1,1.28,belt,Leucorrhinia,Libs,2279.38,68
656,7/22/24,ranger,2823,16.1,0.53,belt,Leucorrhinia,Libs,2279.38,68
657,7/22/24,ranger,2823,16.1,1.81,belt,Leucorrhinia,Libs,2279.38,68
658,7/22/24,ranger,2823,16.1,1.16,amem,Cordulia,Cords,2279.38,68
659,7/22/24,ranger,2823,16.1,0.84,belt,Leucorrhinia,Libs,2279.38,68
660,7/22/24,ranger,2823,16.1,1.15,belt,Leucorrhinia,Libs,2279.38,68
661,7/22/24,ranger,2823,16.1,0.78,belt,Leucorrhinia,Libs,2279.38,68
662,7/22/24,ranger,2823,16.1,1.38,belt,Leucorrhinia,Libs,2279.38,68
663,7/22/24,ranger,2823,16.1,3.34,amem,Cordulia,Cords,2279.38,68
664,7/22/24,ranger,2823,16.1,4.72,amem,Cordulia,Cords,2279.38,68
665,7/22/24,ranger,2823,16.1,2.53,amem,Cordulia,Cords,2279.38,68
666,7/22/24,ranger,2823,16.1,3.84,amem,Cordulia,Cords,2279.38,68
667,7/22/24,ranger,2823,16.1,1.97,amem,Cordulia,Cords,2279.38,68
668,7/22/24,ranger,2823,16.1,5.12,amem,Cordulia,Cords,2279.38,68
669,7/22/24,ranger,2823,16.1,2.02,amem,Cordulia,Cords,2279.38,68
670,7/22/24,ranger,2823,16.1,4.25,amem,Cordulia,Cords,2279.38,68
671,7/22/24,ranger,2823,16.1,2.55,amem,Cordulia,Cords,2279.38,68
672,7/22/24,ranger,2823,16.1,1.66,amem,Cordulia,Cords,2279.38,68
673,7/22/24,ranger,2823,16.1,2.5,amem,Cordulia,Cords,2279.38,68
674,7/22/24,ranger,2823,16.1,1.56,amem,Cordulia,Cords,2279.38,68
675,7/22/24,ranger,2823,16.1,1.57,amem,Cordulia,Cords,2279.38,68
676,7/22/24,ranger,2823,16.1,2.9,amem,Cordulia,Cords,2279.38,68
677,7/22/24,ranger,2823,16.1,1.31,amem,Cordulia,Cords,2279.38,68
678,7/25/24,rainbow 1,3097,23.3,1.87,lq,Libellula,Libs,303.56,80
679,7/25/24,rainbow 1,3097,23.3,1.6,lq,Libellula,Libs,303.56,80
680,7/25/24,rainbow 1,3097,23.3,1.93,lq,Libellula,Libs,303.56,80
681,7/25/24,rainbow 1,3097,23.3,1.56,lq,Libellula,Libs,303.56,80
682,7/25/24,rainbow 1,3097,23.3,3.22,lpull,Libellula,Libs,303.56,80
683,7/25/24,rainbow 1,3097,23.3,2.06,lq,Libellula,Libs,303.56,80
684,7/25/24,rainbow 1,3097,23.3,9.87,hud,Somatochlora,Cords,303.56,80
685,7/25/24,rainbow 1,3097,23.3,1.15,lq,Libellula,Libs,303.56,80
686,7/25/24,rainbow 1,3097,23.3,0.87,hud,Somatochlora,Cords,303.56,80
687,7/25/24,rainbow 1,3097,23.3,1.22,lq,Libellula,Libs,303.56,80
688,7/25/24,rainbow 1,3097,23.3,7.28,lq,Libellula,Libs,303.56,80
689,7/25/24,rainbow 1,3097,23.3,0.97,hud,Somatochlora,Cords,303.56,80
690,7/25/24,rainbow 1,3097,23.3,0.88,hud,Somatochlora,Cords,303.56,80
691,7/25/24,rainbow 1,3097,23.3,6.22,hud,Somatochlora,Cords,303.56,80
692,7/25/24,rainbow 1,3097,23.3,4.12,hud,Somatochlora,Cords,303.56,80
693,7/25/24,rainbow 1,3097,23.3,3.47,hud,Somatochlora,Cords,303.56,80
694,7/25/24,rainbow 1,3097,23.3,3.78,hud,Somatochlora,Cords,303.56,80
695,7/25/24,rainbow 1,3097,23.3,0.81,hud,Somatochlora,Cords,303.56,80
696,7/25/24,rainbow 1,3097,23.3,3,hud,Somatochlora,Cords,303.56,80
697,7/25/24,rainbow 1,3097,23.3,1.31,hud,Somatochlora,Cords,303.56,80
698,7/25/24,rainbow 1,3097,23.3,2.71,hud,Somatochlora,Cords,303.56,80
699,7/25/24,rainbow 1,3097,23.3,2.31,lpull,Libellula,Libs,303.56,80
700,7/25/24,rainbow 1,3097,23.3,2.75,hud,Somatochlora,Cords,303.56,80
701,7/25/24,rainbow 1,3097,23.3,2.3,lpull,Libellula,Libs,303.56,80
702,7/25/24,rainbow 1,3097,23.3,0.56,hud,Somatochlora,Cords,303.56,80
703,7/25/24,rainbow 1,3097,23.3,3.22,lq,Libellula,Libs,303.56,80
704,7/25/24,rainbow 1,3097,23.3,2.47,lq,Libellula,Libs,303.56,80
705,7/25/24,rainbow 1,3097,23.3,1.31,hud,Somatochlora,Cords,303.56,80
706,7/25/24,rainbow 1,3097,23.3,3.15,hud,Somatochlora,Cords,303.56,80
707,7/25/24,rainbow 1,3097,23.3,2,erem,Aeshna,Aeshnids,303.56,80
708,7/25/24,rainbow 1,3097,23.3,6.84,hud,Somatochlora,Cords,303.56,80
709,7/25/24,rainbow 1,3097,23.3,1.5,hud,Somatochlora,Cords,303.56,80
710,7/25/24,rainbow 1,3097,23.3,3,hud,Somatochlora,Cords,303.56,80
711,7/25/24,rainbow 1,3097,23.3,1.56,lq,Libellula,Libs,303.56,80
712,7/25/24,rainbow 1,3097,23.3,0.66,hud,Somatochlora,Cords,303.56,80
713,7/25/24,rainbow 1,3097,23.3,1.15,hud,Somatochlora,Cords,303.56,80
714,7/25/24,rainbow 1,3097,23.3,2.56,hud,Somatochlora,Cords,303.56,80
715,7/25/24,rainbow 1,3097,23.3,2.81,hud,Somatochlora,Cords,303.56,80
716,7/25/24,rainbow 1,3097,23.3,0.91,hud,Somatochlora,Cords,303.56,80
717,7/25/24,rainbow 1,3097,23.3,3.32,hud,Somatochlora,Cords,303.56,80
718,7/25/24,rainbow 2,3108,21.7,1.79,hud,Somatochlora,Cords,308.32,40
719,7/25/24,rainbow 2,3108,21.7,1.88,hud,Somatochlora,Cords,308.32,40
720,7/25/24,rainbow 2,3108,21.7,7.09,hud,Somatochlora,Cords,308.32,40
721,7/25/24,rainbow 2,3108,21.7,1.72,hud,Somatochlora,Cords,308.32,40
722,7/25/24,rainbow 2,3108,21.7,3.93,hud,Somatochlora,Cords,308.32,40
723,7/25/24,rainbow 2,3108,21.7,3.66,hud,Somatochlora,Cords,308.32,40
724,7/25/24,rainbow 2,3108,21.7,1,hud,Somatochlora,Cords,308.32,40
725,7/25/24,rainbow 2,3108,21.7,3.12,hud,Somatochlora,Cords,308.32,40
726,7/25/24,rainbow 2,3108,21.7,1.34,hud,Somatochlora,Cords,308.32,40
727,7/25/24,rainbow 2,3108,21.7,1.13,erem,Aeshna,Aeshnids,308.32,40
728,7/25/24,rainbow 2,3108,21.7,9.84,hud,Somatochlora,Cords,308.32,40
729,7/25/24,rainbow 2,3108,21.7,2.66,hud,Somatochlora,Cords,308.32,40
730,7/25/24,rainbow 2,3108,21.7,1.44,hud,Somatochlora,Cords,308.32,40
731,7/25/24,rainbow 2,3108,21.7,1.34,palm,Aeshna,Aeshnids,308.32,40
732,7/25/24,rainbow 2,3108,21.7,2.62,hud,Somatochlora,Cords,308.32,40
733,7/25/24,rainbow 2,3108,21.7,1.06,hud,Somatochlora,Cords,308.32,40
734,7/25/24,rainbow 2,3108,21.7,1.28,hud,Somatochlora,Cords,308.32,40
735,7/25/24,rainbow 2,3108,21.7,0.88,erem,Aeshna,Aeshnids,308.32,40
736,7/25/24,rainbow 2,3108,21.7,0.62,hud,Somatochlora,Cords,308.32,40
737,7/25/24,rainbow 2,3108,21.7,0.84,hud,Somatochlora,Cords,308.32,40
738,7/29/24,pine valley,2089,28.3,7.69,junc,Aeshna,Aeshnids,843.15,51
739,7/29/24,pine valley,2089,28.3,5.18,lq,Libellula,Libs,843.15,51
740,7/29/24,pine valley,2089,28.3,7.43,lq,Libellula,Libs,843.15,51
741,7/29/24,pine valley,2089,28.3,7.1,junc,Aeshna,Aeshnids,843.15,51
742,7/29/24,pine valley,2089,28.3,3.68,junc,Aeshna,Aeshnids,843.15,51
743,7/29/24,pine valley,2089,28.3,4,junc,Aeshna,Aeshnids,843.15,51
744,7/29/24,pine valley,2089,28.3,4.47,junc,Aeshna,Aeshnids,843.15,51
745,7/29/24,pine valley,2089,28.3,7.28,junc,Aeshna,Aeshnids,843.15,51
746,7/29/24,pine valley,2089,28.3,8.12,junc,Aeshna,Aeshnids,843.15,51
747,7/29/24,pine valley,2089,28.3,6.56,junc,Aeshna,Aeshnids,843.15,51
748,7/29/24,pine valley,2089,28.3,8,lq,Libellula,Libs,843.15,51
749,7/29/24,pine valley,2089,28.3,15.04,lq,Libellula,Libs,843.15,51
750,7/29/24,pine valley,2089,28.3,10.03,lq,Libellula,Libs,843.15,51
751,7/29/24,pine valley,2089,28.3,10.47,lq,Libellula,Libs,843.15,51
752,7/29/24,pine valley,2089,28.3,34.97,lq,Libellula,Libs,843.15,51
753,7/29/24,pine valley,2089,28.3,13.72,lq,Libellula,Libs,843.15,51
754,7/29/24,pine valley,2089,28.3,10.44,lq,Libellula,Libs,843.15,51
755,7/29/24,pine valley,2089,28.3,13.28,lq,Libellula,Libs,843.15,51
756,7/29/24,pine valley,2089,28.3,5.56,lq,Libellula,Libs,843.15,51
757,7/29/24,pine valley,2089,28.3,7.03,lq,Libellula,Libs,843.15,51
758,7/29/24,pine valley,2089,28.3,12.13,lq,Libellula,Libs,843.15,51
759,7/29/24,pine valley,2089,28.3,5.47,junc,Aeshna,Aeshnids,843.15,51
760,7/29/24,pine valley,2089,28.3,6.56,junc,Aeshna,Aeshnids,843.15,51
761,7/29/24,pine valley,2089,28.3,6.39,lq,Libellula,Libs,843.15,51
762,7/29/24,pine valley,2089,28.3,2.81,lq,Libellula,Libs,843.15,51
763,7/29/24,pine valley,2089,28.3,4.97,junc,Aeshna,Aeshnids,843.15,51
764,7/29/24,pine valley,2089,28.3,5.84,junc,Aeshna,Aeshnids,843.15,51
765,7/29/24,pine valley,2089,28.3,3.79,junc,Aeshna,Aeshnids,843.15,51
766,7/29/24,pine valley,2089,28.3,4.63,junc,Aeshna,Aeshnids,843.15,51
767,7/29/24,pine valley,2089,28.3,7.97,lq,Libellula,Libs,843.15,51
768,7/29/24,pine valley,2089,28.3,8.53,lpull,Libellula,Libs,843.15,51
769,7/29/24,pine valley,2089,28.3,9.75,lq,Libellula,Libs,843.15,51
770,7/29/24,pine valley,2089,28.3,3.78,lq,Libellula,Libs,843.15,51
771,7/29/24,pine valley,2089,28.3,4.68,lq,Libellula,Libs,843.15,51
772,7/29/24,pine valley,2089,28.3,6.03,ply,Plathemis,Libs,843.15,51
773,7/29/24,pine valley,2089,28.3,18.28,lq,Libellula,Libs,843.15,51
774,7/29/24,pine valley,2089,28.3,2.16,lq,Libellula,Libs,843.15,51
775,7/29/24,pine valley,2089,28.3,5.94,lq,Libellula,Libs,843.15,51
776,7/29/24,pine valley,2089,28.3,5.44,ply,Plathemis,Libs,843.15,51
777,7/29/24,pine valley,2089,28.3,9.75,lq,Libellula,Libs,843.15,51
778,7/29/24,pine valley,2089,28.3,9.5,lq,Libellula,Libs,843.15,51
779,7/29/24,pine valley,2089,28.3,5.46,lq,Libellula,Libs,843.15,51
780,7/29/24,pine valley,2089,28.3,5.75,lq,Libellula,Libs,843.15,51
781,7/29/24,pine valley,2089,28.3,7.63,lpull,Libellula,Libs,843.15,51
782,7/29/24,pine valley,2089,28.3,7.25,lq,Libellula,Libs,843.15,51
783,7/29/24,pine valley,2089,28.3,8.47,lq,Libellula,Libs,843.15,51
784,7/29/24,pine valley,2089,28.3,6.75,lq,Libellula,Libs,843.15,51
785,7/29/24,pine valley,2089,28.3,7.56,lq,Libellula,Libs,843.15,51
786,7/29/24,pine valley,2089,28.3,11.47,lq,Libellula,Libs,843.15,51
787,7/29/24,pine valley,2089,28.3,4.06,lq,Libellula,Libs,843.15,51
788,7/29/24,pine valley,2089,28.3,9.59,lq,Libellula,Libs,843.15,51
789,7/29/24,echo,3237,21.1,2.4,palm,Aeshna,Aeshnids,1258.94,80
790,7/29/24,echo,3237,21.1,1.46,palm,Aeshna,Aeshnids,1258.94,80
791,7/29/24,echo,3237,21.1,2.75,palm,Aeshna,Aeshnids,1258.94,80
792,7/29/24,echo,3237,21.1,10.31,palm,Aeshna,Aeshnids,1258.94,80
793,7/29/24,echo,3237,21.1,1.94,palm,Aeshna,Aeshnids,1258.94,80
794,7/29/24,echo,3237,21.1,2.91,palm,Aeshna,Aeshnids,1258.94,80
795,7/29/24,echo,3237,21.1,1.97,palm,Aeshna,Aeshnids,1258.94,80
796,7/29/24,echo,3237,21.1,3.57,palm,Aeshna,Aeshnids,1258.94,80
797,7/29/24,echo,3237,21.1,1.5,palm,Aeshna,Aeshnids,1258.94,80
798,7/29/24,echo,3237,21.1,2.22,palm,Aeshna,Aeshnids,1258.94,80
799,7/29/24,echo,3237,21.1,1.13,palm,Aeshna,Aeshnids,1258.94,80
800,7/29/24,echo,3237,21.1,2.31,palm,Aeshna,Aeshnids,1258.94,80
801,7/29/24,echo,3237,21.1,4.35,palm,Aeshna,Aeshnids,1258.94,80
802,7/29/24,echo,3237,21.1,1.34,palm,Aeshna,Aeshnids,1258.94,80
803,7/29/24,echo,3237,21.1,1.5,palm,Aeshna,Aeshnids,1258.94,80
804,7/29/24,echo,3237,21.1,0.79,palm,Aeshna,Aeshnids,1258.94,80
805,7/29/24,echo,3237,21.1,2.03,palm,Aeshna,Aeshnids,1258.94,80
806,7/29/24,echo,3237,21.1,1.52,palm,Aeshna,Aeshnids,1258.94,80
807,7/29/24,echo,3237,21.1,2.28,palm,Aeshna,Aeshnids,1258.94,80
808,7/29/24,echo,3237,21.1,1.97,palm,Aeshna,Aeshnids,1258.94,80
809,7/29/24,echo,3237,21.1,3.22,palm,Aeshna,Aeshnids,1258.94,80
810,7/29/24,echo,3237,21.1,3.97,palm,Aeshna,Aeshnids,1258.94,80
811,7/29/24,echo,3237,21.1,4.63,palm,Aeshna,Aeshnids,1258.94,80
812,7/29/24,echo,3237,21.1,2,palm,Aeshna,Aeshnids,1258.94,80
813,7/29/24,echo,3237,21.1,0.93,palm,Aeshna,Aeshnids,1258.94,80
814,7/29/24,echo,3237,21.1,2.22,palm,Aeshna,Aeshnids,1258.94,80
815,7/29/24,echo,3237,21.1,1.38,palm,Aeshna,Aeshnids,1258.94,80
816,7/29/24,echo,3237,21.1,5.22,palm,Aeshna,Aeshnids,1258.94,80
817,7/29/24,echo,3237,21.1,0.9,palm,Aeshna,Aeshnids,1258.94,80
818,7/29/24,echo,3237,21.1,4.09,palm,Aeshna,Aeshnids,1258.94,80
819,7/29/24,echo,3237,21.1,2.39,palm,Aeshna,Aeshnids,1258.94,80
820,7/29/24,echo,3237,21.1,1.13,palm,Aeshna,Aeshnids,1258.94,80
821,7/29/24,echo,3237,21.1,2.53,palm,Aeshna,Aeshnids,1258.94,80
822,7/29/24,echo,3237,21.1,1.72,palm,Aeshna,Aeshnids,1258.94,80
823,7/29/24,echo,3237,21.1,3.78,palm,Aeshna,Aeshnids,1258.94,80
824,7/29/24,echo,3237,21.1,3.47,palm,Aeshna,Aeshnids,1258.94,80
825,7/29/24,echo,3237,21.1,3.66,palm,Aeshna,Aeshnids,1258.94,80
826,7/29/24,echo,3237,21.1,1.79,palm,Aeshna,Aeshnids,1258.94,80
827,7/29/24,echo,3237,21.1,1.53,palm,Aeshna,Aeshnids,1258.94,80
828,7/29/24,echo,3237,21.1,4.69,palm,Aeshna,Aeshnids,1258.94,80
829,8/5/24,beaver pond,2479,24.4,7.18,lq,Libellula,Libs,168.8,96
830,8/5/24,beaver pond,2479,24.4,3.37,lq,Libellula,Libs,168.8,96
831,8/5/24,beaver pond,2479,24.4,3.61,palm,Aeshna,Aeshnids,168.8,96
832,8/5/24,beaver pond,2479,24.4,2,lq,Libellula,Libs,168.8,96
833,8/5/24,beaver pond,2479,24.4,3.78,palm,Aeshna,Aeshnids,168.8,96
834,8/5/24,beaver pond,2479,24.4,4.32,lq,Libellula,Libs,168.8,96
835,8/5/24,beaver pond,2479,24.4,2.87,palm,Aeshna,Aeshnids,168.8,96
836,8/5/24,beaver pond,2479,24.4,1.31,palm,Aeshna,Aeshnids,168.8,96
837,8/5/24,beaver pond,2479,24.4,2.13,palm,Aeshna,Aeshnids,168.8,96
838,8/5/24,beaver pond,2479,24.4,4.75,lq,Libellula,Libs,168.8,96
839,8/5/24,beaver pond,2479,24.4,3.78,lq,Libellula,Libs,168.8,96
840,8/5/24,beaver pond,2479,24.4,1.21,lq,Libellula,Libs,168.8,96
841,8/5/24,beaver pond,2479,24.4,1.25,lq,Libellula,Libs,168.8,96
842,8/5/24,beaver pond,2479,24.4,2.03,lq,Libellula,Libs,168.8,96
843,8/5/24,beaver pond,2479,24.4,5.19,palm,Aeshna,Aeshnids,168.8,96
844,8/5/24,beaver pond,2479,24.4,3.44,lq,Libellula,Libs,168.8,96
845,8/5/24,beaver pond,2479,24.4,1.4,lq,Libellula,Libs,168.8,96
846,8/5/24,beaver pond,2479,24.4,1.81,lq,Libellula,Libs,168.8,96
847,8/5/24,beaver pond,2479,24.4,3.75,lq,Libellula,Libs,168.8,96
848,8/5/24,beaver pond,2479,24.4,2,lq,Libellula,Libs,168.8,96
849,8/5/24,beaver pond,2479,24.4,2.97,lq,Libellula,Libs,168.8,96
850,8/5/24,beaver pond,2479,24.4,10.62,lq,Libellula,Libs,168.8,96
851,8/5/24,beaver pond,2479,24.4,7.19,ply,Plathemis,Libs,168.8,96
852,8/5/24,beaver pond,2479,24.4,2.78,lq,Libellula,Libs,168.8,96
853,8/5/24,beaver pond,2479,24.4,2.97,lq,Libellula,Libs,168.8,96
854,8/5/24,beaver pond,2479,24.4,2.34,lq,Libellula,Libs,168.8,96
855,8/5/24,beaver pond,2479,24.4,6.65,lq,Libellula,Libs,168.8,96
856,8/5/24,beaver pond,2479,24.4,2.5,lq,Libellula,Libs,168.8,96
857,8/5/24,beaver pond,2479,24.4,3.59,lq,Libellula,Libs,168.8,96
858,8/5/24,beaver pond,2479,24.4,5.63,lq,Libellula,Libs,168.8,96
859,8/5/24,beaver pond,2479,24.4,2,lq,Libellula,Libs,168.8,96
860,8/5/24,beaver pond,2479,24.4,3.12,lq,Libellula,Libs,168.8,96
861,8/5/24,beaver pond,2479,24.4,4.56,lpull,Libellula,Libs,168.8,96
862,8/5/24,beaver pond,2479,24.4,6.38,lpull,Libellula,Libs,168.8,96
863,8/5/24,beaver pond,2479,24.4,1.31,palm,Aeshna,Aeshnids,168.8,96
864,8/5/24,beaver pond,2479,24.4,4.5,palm,Aeshna,Aeshnids,168.8,96
865,8/5/24,beaver pond,2479,24.4,2.91,palm,Aeshna,Aeshnids,168.8,96
866,8/5/24,beaver pond,2479,24.4,2.47,palm,Aeshna,Aeshnids,168.8,96
867,8/5/24,beaver pond,2479,24.4,5.98,palm,Aeshna,Aeshnids,168.8,96
868,8/5/24,beaver pond,2479,24.4,2.56,palm,Aeshna,Aeshnids,168.8,96
869,8/5/24,beaver pond,2479,24.4,3.75,palm,Aeshna,Aeshnids,168.8,96
870,8/5/24,beaver pond,2479,24.4,6.03,palm,Aeshna,Aeshnids,168.8,96
871,8/5/24,beaver pond,2479,24.4,4.06,lq,Libellula,Libs,168.8,96
872,8/5/24,beaver pond,2479,24.4,6.06,palm,Aeshna,Aeshnids,168.8,96
873,8/5/24,beaver pond,2479,24.4,2.15,palm,Aeshna,Aeshnids,168.8,96
874,8/5/24,beaver pond,2479,24.4,2.87,lq,Libellula,Libs,168.8,96
875,8/5/24,beaver pond,2479,24.4,0.85,palm,Aeshna,Aeshnids,168.8,96
876,8/5/24,beaver pond,2479,24.4,2.19,lq,Libellula,Libs,168.8,96
877,8/5/24,beaver pond,2479,24.4,1.91,palm,Aeshna,Aeshnids,168.8,96
878,8/5/24,beaver pond,2479,24.4,3.4,palm,Aeshna,Aeshnids,168.8,96
879,8/5/24,beaver pond,2479,24.4,1.34,lq,Libellula,Libs,168.8,96
880,8/5/24,beaver pond,2479,24.4,2.41,lpull,Libellula,Libs,168.8,96
881,8/5/24,beaver pond,2479,24.4,3.69,lpull,Libellula,Libs,168.8,96
882,8/5/24,beaver pond,2479,24.4,3.76,palm,Aeshna,Aeshnids,168.8,96
883,8/5/24,beaver pond,2479,24.4,2.19,lq,Libellula,Libs,168.8,96
884,8/5/24,beaver pond,2479,24.4,2.15,lq,Libellula,Libs,168.8,96
885,8/5/24,beaver pond,2479,24.4,2.38,lq,Libellula,Libs,168.8,96
886,8/5/24,beaver pond,2479,24.4,3.72,lpull,Libellula,Libs,168.8,96
887,8/5/24,beaver pond,2479,24.4,6.47,palm,Aeshna,Aeshnids,168.8,96
888,8/5/24,beaver pond,2479,24.4,4.15,lq,Libellula,Libs,168.8,96
889,8/5/24,beaver pond,2479,24.4,3.72,palm,Aeshna,Aeshnids,168.8,96
890,8/5/24,beaver pond,2479,24.4,2.1,lq,Libellula,Libs,168.8,96
891,8/5/24,beaver pond,2479,24.4,8.5,palm,Aeshna,Aeshnids,168.8,96
892,8/5/24,beaver pond,2479,24.4,5.51,lq,Libellula,Libs,168.8,96
893,8/5/24,beaver pond,2479,24.4,1.32,lq,Libellula,Libs,168.8,96
894,8/5/24,beaver pond,2479,24.4,2.87,palm,Aeshna,Aeshnids,168.8,96
895,8/5/24,beaver pond,2479,24.4,3.22,palm,Aeshna,Aeshnids,168.8,96
896,8/5/24,beaver pond,2479,24.4,7.12,lpull,Libellula,Libs,168.8,96
897,8/5/24,beaver pond,2479,24.4,6.94,lq,Libellula,Libs,168.8,96
898,8/5/24,beaver pond,2479,24.4,1.53,palm,Aeshna,Aeshnids,168.8,96
899,8/5/24,beaver pond,2479,24.4,6.72,palm,Aeshna,Aeshnids,168.8,96
900,8/5/24,beaver pond,2479,24.4,4.56,ply,Plathemis,Libs,168.8,96
901,8/5/24,beaver pond,2479,24.4,2.44,lq,Libellula,Libs,168.8,96
902,8/5/24,beaver pond,2479,24.4,3.06,lq,Libellula,Libs,168.8,96
903,8/5/24,beaver pond,2479,24.4,2.88,lq,Libellula,Libs,168.8,96
904,8/5/24,beaver pond,2479,24.4,2.9,palm,Aeshna,Aeshnids,168.8,96
905,8/5/24,beaver pond,2479,24.4,2.84,palm,Aeshna,Aeshnids,168.8,96
906,8/5/24,beaver pond,2479,24.4,3.25,palm,Aeshna,Aeshnids,168.8,96
907,8/5/24,beaver pond,2479,24.4,3.62,lpull,Libellula,Libs,168.8,96
908,8/5/24,beaver pond,2479,24.4,4.5,palm,Aeshna,Aeshnids,168.8,96
909,8/5/24,beaver pond,2479,24.4,4.44,palm,Aeshna,Aeshnids,168.8,96
910,8/5/24,beaver pond,2479,24.4,2.09,lq,Libellula,Libs,168.8,96
911,8/5/24,beaver pond,2479,24.4,4.47,palm,Aeshna,Aeshnids,168.8,96
912,8/5/24,beaver pond,2479,24.4,4.37,palm,Aeshna,Aeshnids,168.8,96
913,8/5/24,beaver pond,2479,24.4,4.4,palm,Aeshna,Aeshnids,168.8,96
914,8/5/24,beaver pond,2479,24.4,2.16,palm,Aeshna,Aeshnids,168.8,96
915,8/5/24,beaver pond,2479,24.4,2.93,palm,Aeshna,Aeshnids,168.8,96
916,8/5/24,beaver pond,2479,24.4,3.79,palm,Aeshna,Aeshnids,168.8,96
917,8/5/24,beaver pond,2479,24.4,6.25,palm,Aeshna,Aeshnids,168.8,96
918,8/5/24,beaver pond,2479,24.4,6.44,lq,Libellula,Libs,168.8,96
919,8/5/24,beaver pond,2479,24.4,3.06,palm,Aeshna,Aeshnids,168.8,96
920,8/5/24,beaver pond,2479,24.4,1.78,lq,Libellula,Libs,168.8,96
921,8/5/24,beaver pond,2479,24.4,1.04,palm,Aeshna,Aeshnids,168.8,96
922,8/5/24,beaver pond,2479,24.4,2.56,palm,Aeshna,Aeshnids,168.8,96
923,8/5/24,beaver pond,2479,24.4,5.53,lq,Libellula,Libs,168.8,96
924,8/5/24,beaver pond,2479,24.4,2.68,lq,Libellula,Libs,168.8,96
925,8/5/24,beaver pond,2479,24.4,2.88,lq,Libellula,Libs,168.8,96
926,8/5/24,beaver pond,2479,24.4,7.87,ply,Plathemis,Libs,168.8,96
927,8/5/24,beaver pond,2479,24.4,3.88,lq,Libellula,Libs,168.8,96
928,8/5/24,beaver pond,2479,24.4,4.22,palm,Aeshna,Aeshnids,168.8,96
929,8/5/24,beaver pond,2479,24.4,3.59,lq,Libellula,Libs,168.8,96
930,8/5/24,beaver pond,2479,24.4,3.6,palm,Aeshna,Aeshnids,168.8,96
931,8/5/24,beaver pond,2479,24.4,3.03,lq,Libellula,Libs,168.8,96
932,8/5/24,beaver pond,2479,24.4,3.91,lq,Libellula,Libs,168.8,96
933,8/5/24,beaver pond,2479,24.4,1.91,palm,Aeshna,Aeshnids,168.8,96
934,8/5/24,beaver pond,2479,24.4,4.63,palm,Aeshna,Aeshnids,168.8,96
935,8/5/24,beaver pond,2479,24.4,4.6,lq,Libellula,Libs,168.8,96
936,8/5/24,beaver pond,2479,24.4,3.56,palm,Aeshna,Aeshnids,168.8,96
937,8/5/24,beaver pond,2479,24.4,10.28,lq,Libellula,Libs,168.8,96
938,8/5/24,beaver pond,2479,24.4,2.1,palm,Aeshna,Aeshnids,168.8,96
939,8/5/24,beaver pond,2479,24.4,2.03,palm,Aeshna,Aeshnids,168.8,96
940,8/5/24,beaver pond,2479,24.4,3.09,palm,Aeshna,Aeshnids,168.8,96
941,8/5/24,beaver pond,2479,24.4,3.97,palm,Aeshna,Aeshnids,168.8,96
942,8/5/24,beaver pond,2479,24.4,4.71,palm,Aeshna,Aeshnids,168.8,96
943,8/5/24,beaver pond,2479,24.4,3.44,palm,Aeshna,Aeshnids,168.8,96
944,8/5/24,beaver pond,2479,24.4,4.03,palm,Aeshna,Aeshnids,168.8,96
945,8/5/24,beaver pond,2479,24.4,1.65,palm,Aeshna,Aeshnids,168.8,96
946,8/5/24,beaver pond,2479,24.4,2.81,palm,Aeshna,Aeshnids,168.8,96
947,8/5/24,beaver pond,2479,24.4,3.65,lpull,Libellula,Libs,168.8,96
948,8/5/24,beaver pond,2479,24.4,3.85,palm,Aeshna,Aeshnids,168.8,96
949,8/5/24,silver lake,3152,20,7.12,mt,Somatochlora,Cords,1967.61,45.33
950,8/5/24,silver lake,3152,20,3.85,mt,Somatochlora,Cords,1967.61,45.33
951,8/5/24,silver lake,3152,20,2.09,mt,Somatochlora,Cords,1967.61,45.33
952,8/5/24,silver lake,3152,20,3.15,mt,Somatochlora,Cords,1967.61,45.33
953,8/5/24,silver lake,3152,20,2.75,mt,Somatochlora,Cords,1967.61,45.33
954,8/5/24,silver lake,3152,20,2.63,mt,Somatochlora,Cords,1967.61,45.33
955,8/5/24,silver lake,3152,20,1.75,mt,Somatochlora,Cords,1967.61,45.33
956,8/5/24,silver lake,3152,20,1.63,mt,Somatochlora,Cords,1967.61,45.33
957,8/5/24,silver lake,3152,20,2.03,mt,Somatochlora,Cords,1967.61,45.33
958,8/5/24,silver lake,3152,20,1.68,mt,Somatochlora,Cords,1967.61,45.33
959,8/5/24,silver lake,3152,20,1.56,mt,Somatochlora,Cords,1967.61,45.33
960,8/5/24,silver lake,3152,20,2.25,mt,Somatochlora,Cords,1967.61,45.33
961,8/5/24,silver lake,3152,20,1.56,mt,Somatochlora,Cords,1967.61,45.33
962,8/5/24,silver lake,3152,20,2.81,hud,Somatochlora,Cords,1967.61,45.33
963,8/5/24,silver lake,3152,20,1.53,hud,Somatochlora,Cords,1967.61,45.33
964,8/5/24,silver lake,3152,20,2.16,hud,Somatochlora,Cords,1967.61,45.33
965,8/5/24,silver lake,3152,20,5.38,hud,Somatochlora,Cords,1967.61,45.33
966,8/5/24,silver lake,3152,20,0.7,hud,Somatochlora,Cords,1967.61,45.33
967,8/5/24,silver lake,3152,20,2.15,hud,Somatochlora,Cords,1967.61,45.33
968,8/5/24,silver lake,3152,20,7.62,hud,Somatochlora,Cords,1967.61,45.33
969,8/5/24,silver lake,3152,20,2.41,hud,Somatochlora,Cords,1967.61,45.33
970,8/5/24,silver lake,3152,20,1.53,hud,Somatochlora,Cords,1967.61,45.33
971,8/5/24,silver lake,3152,20,1.13,hud,Somatochlora,Cords,1967.61,45.33
972,8/5/24,silver lake,3152,20,2.03,palm,Aeshna,Aeshnids,1967.61,45.33
973,8/5/24,silver lake,3152,20,1.81,palm,Aeshna,Aeshnids,1967.61,45.33
974,8/5/24,silver lake,3152,20,1.31,palm,Aeshna,Aeshnids,1967.61,45.33
975,8/5/24,silver lake,3152,20,1.32,palm,Aeshna,Aeshnids,1967.61,45.33
976,8/5/24,silver lake,3152,20,2.78,mt,Somatochlora,Cords,1967.61,45.33
977,8/5/24,silver lake,3152,20,0.85,palm,Aeshna,Aeshnids,1967.61,45.33
978,8/5/24,silver lake,3152,20,1.44,mt,Somatochlora,Cords,1967.61,45.33
979,8/5/24,silver lake,3152,20,1.88,mt,Somatochlora,Cords,1967.61,45.33
980,8/5/24,silver lake,3152,20,6,mt,Somatochlora,Cords,1967.61,45.33
981,8/5/24,silver lake,3152,20,1.47,mt,Somatochlora,Cords,1967.61,45.33
982,8/5/24,silver lake,3152,20,5.13,mt,Somatochlora,Cords,1967.61,45.33
983,8/20/24,red rock canyon,1893,28.3,6.12,lpull,Libellula,Libs,269.45,66.67
984,8/20/24,red rock canyon,1893,28.3,1.75,multi,Rhionaeshna,Aeshnids,269.45,66.67
985,8/20/24,red rock canyon,1893,28.3,4.56,ll,Libellula,Libs,269.45,66.67
986,8/20/24,red rock canyon,1893,28.3,8.78,multi,Rhionaeshna,Aeshnids,269.45,66.67
987,8/20/24,red rock canyon,1893,28.3,16.07,ll,Libellula,Libs,269.45,66.67
988,8/20/24,red rock canyon,1893,28.3,5.37,ll,Libellula,Libs,269.45,66.67
989,8/20/24,red rock canyon,1893,28.3,4.94,ll,Libellula,Libs,269.45,66.67
990,8/20/24,red rock canyon,1893,28.3,10.05,lpull,Libellula,Libs,269.45,66.67
991,8/20/24,red rock canyon,1893,28.3,6.78,lpull,Libellula,Libs,269.45,66.67
992,8/20/24,red rock canyon,1893,28.3,4.16,lpull,Libellula,Libs,269.45,66.67
993,8/20/24,red rock canyon,1893,28.3,6.69,lpull,Libellula,Libs,269.45,66.67
994,8/20/24,red rock canyon,1893,28.3,4.43,lpull,Libellula,Libs,269.45,66.67
995,8/20/24,red rock canyon,1893,28.3,10.46,lpull,Libellula,Libs,269.45,66.67
996,8/20/24,red rock canyon,1893,28.3,5.69,lpull,Libellula,Libs,269.45,66.67
997,8/20/24,red rock canyon,1893,28.3,6.19,lpull,Libellula,Libs,269.45,66.67
998,8/20/24,red rock canyon,1893,28.3,9.22,lpull,Libellula,Libs,269.45,66.67
999,8/20/24,red rock canyon,1893,28.3,7.28,lpull,Libellula,Libs,269.45,66.67
1000,8/20/24,red rock canyon,1893,28.3,8.87,lpull,Libellula,Libs,269.45,66.67
1001,8/20/24,red rock canyon,1893,28.3,6.25,lpull,Libellula,Libs,269.45,66.67
1002,8/20/24,red rock canyon,1893,28.3,9.46,lpull,Libellula,Libs,269.45,66.67
1003,8/20/24,red rock canyon,1893,28.3,9.46,lpull,Libellula,Libs,269.45,66.67
1004,8/20/24,red rock canyon,1893,28.3,5.44,lpull,Libellula,Libs,269.45,66.67
1005,8/20/24,red rock canyon,1893,28.3,7.97,multi,Rhionaeshna,Aeshnids,269.45,66.67
1006,8/20/24,red rock canyon,1893,28.3,11.28,multi,Rhionaeshna,Aeshnids,269.45,66.67
1007,8/20/24,red rock canyon,1893,28.3,10.22,lpull,Libellula,Libs,269.45,66.67
1008,8/20/24,red rock canyon,1893,28.3,9.66,lpull,Libellula,Libs,269.45,66.67
1009,8/20/24,red rock canyon,1893,28.3,7.07,ll,Libellula,Libs,269.45,66.67
1010,8/20/24,red rock canyon,1893,28.3,14.47,lpull,Libellula,Libs,269.45,66.67
1011,8/20/24,red rock canyon,1893,28.3,8.19,lpull,Libellula,Libs,269.45,66.67
1012,8/20/24,red rock canyon,1893,28.3,4.84,lpull,Libellula,Libs,269.45,66.67
1013,8/20/24,red rock canyon,1893,28.3,6.06,lpull,Libellula,Libs,269.45,66.67
1014,8/20/24,red rock canyon,1893,28.3,6.65,lpull,Libellula,Libs,269.45,66.67
1015,8/20/24,red rock canyon,1893,28.3,8.69,ll,Libellula,Libs,269.45,66.67
1016,8/20/24,red rock canyon,1893,28.3,6.5,lpull,Libellula,Libs,269.45,66.67
1017,8/20/24,red rock canyon,1893,28.3,8.25,ll,Libellula,Libs,269.45,66.67
1018,8/20/24,red rock canyon,1893,28.3,8.38,multi,Rhionaeshna,Aeshnids,269.45,66.67
1019,8/20/24,red rock canyon,1893,28.3,10.67,lpull,Libellula,Libs,269.45,66.67
1020,8/20/24,red rock canyon,1893,28.3,8.97,lpull,Libellula,Libs,269.45,66.67
1021,8/20/24,red rock canyon,1893,28.3,7.58,lpull,Libellula,Libs,269.45,66.67
1022,8/20/24,red rock canyon,1893,28.3,9.78,lpull,Libellula,Libs,269.45,66.67
1023,8/20/24,red rock canyon,1893,28.3,8.06,lpull,Libellula,Libs,269.45,66.67
1024,8/20/24,red rock canyon,1893,28.3,6.34,lpull,Libellula,Libs,269.45,66.67
1025,8/20/24,red rock canyon,1893,28.3,9.59,lpull,Libellula,Libs,269.45,66.67
1026,8/20/24,red rock canyon,1893,28.3,8.59,lpull,Libellula,Libs,269.45,66.67
1027,8/20/24,red rock canyon,1893,28.3,2.66,lpull,Libellula,Libs,269.45,66.67
1028,8/20/24,red rock canyon,1893,28.3,10.12,lpull,Libellula,Libs,269.45,66.67
1029,8/20/24,red rock canyon,1893,28.3,5.82,lpull,Libellula,Libs,269.45,66.67
1030,8/20/24,red rock canyon,1893,28.3,5.6,lpull,Libellula,Libs,269.45,66.67
1031,8/20/24,red rock canyon,1893,28.3,7.56,lpull,Libellula,Libs,269.45,66.67
1032,8/20/24,red rock canyon,1893,28.3,5.47,lpull,Libellula,Libs,269.45,66.67
1033,8/28/24,garfield,1645,30.5,26.51,dash,Pachydiplax,Libs,832.67,66.67
1034,8/28/24,garfield,1645,30.5,15.25,simp,Erythemis,Libs,832.67,66.67
1035,8/28/24,garfield,1645,30.5,6.18,simp,Erythemis,Libs,832.67,66.67
1036,8/28/24,garfield,1645,30.5,8.72,simp,Erythemis,Libs,832.67,66.67
1037,8/28/24,garfield,1645,30.5,11.84,simp,Erythemis,Libs,832.67,66.67
1038,8/28/24,garfield,1645,30.5,8.66,simp,Erythemis,Libs,832.67,66.67
1039,8/28/24,garfield,1645,30.5,6.03,simp,Erythemis,Libs,832.67,66.67
1040,8/28/24,garfield,1645,30.5,11.22,dash,Pachydiplax,Libs,832.67,66.67
1041,8/28/24,garfield,1645,30.5,17.55,simp,Erythemis,Libs,832.67,66.67
1042,8/28/24,garfield,1645,30.5,6.18,simp,Erythemis,Libs,832.67,66.67
1043,8/28/24,garfield,1645,30.5,9.72,simp,Erythemis,Libs,832.67,66.67
1044,8/28/24,garfield,1645,30.5,9.69,palm,Aeshna,Aeshnids,832.67,66.67
1045,8/28/24,garfield,1645,30.5,14.44,simp,Erythemis,Libs,832.67,66.67
1046,8/28/24,garfield,1645,30.5,6.41,simp,Erythemis,Libs,832.67,66.67
1047,8/28/24,garfield,1645,30.5,5.03,simp,Erythemis,Libs,832.67,66.67
1048,8/28/24,garfield,1645,30.5,11.19,dash,Pachydiplax,Libs,832.67,66.67
1049,8/28/24,garfield,1645,30.5,8.65,dash,Pachydiplax,Libs,832.67,66.67
1050,8/28/24,garfield,1645,30.5,13.93,simp,Erythemis,Libs,832.67,66.67
1051,8/28/24,garfield,1645,30.5,16.4,simp,Erythemis,Libs,832.67,66.67
1052,8/28/24,garfield,1645,30.5,12.03,simp,Erythemis,Libs,832.67,66.67
1053,8/28/24,garfield,1645,30.5,10.84,simp,Erythemis,Libs,832.67,66.67
1054,8/28/24,garfield,1645,30.5,8.35,simp,Erythemis,Libs,832.67,66.67
1055,8/28/24,garfield,1645,30.5,12.09,dash,Pachydiplax,Libs,832.67,66.67
1056,8/28/24,garfield,1645,30.5,7,simp,Erythemis,Libs,832.67,66.67
1057,8/28/24,garfield,1645,30.5,8.69,simp,Erythemis,Libs,832.67,66.67
1058,8/28/24,garfield,1645,30.5,4.25,simp,Erythemis,Libs,832.67,66.67
1059,8/28/24,garfield,1645,30.5,3.47,simp,Erythemis,Libs,832.67,66.67
1060,8/28/24,garfield,1645,30.5,8.53,simp,Erythemis,Libs,832.67,66.67
1061,8/28/24,garfield,1645,30.5,5.59,simp,Erythemis,Libs,832.67,66.67
1062,8/28/24,garfield,1645,30.5,13.4,palm,Aeshna,Aeshnids,832.67,66.67
1063,8/28/24,garfield,1645,30.5,7.68,palm,Aeshna,Aeshnids,832.67,66.67
1064,8/28/24,garfield,1645,30.5,17.31,dash,Pachydiplax,Libs,832.67,66.67
1065,8/28/24,garfield,1645,30.5,5.6,dash,Pachydiplax,Libs,832.67,66.67
1066,8/28/24,garfield,1645,30.5,9.85,palm,Aeshna,Aeshnids,832.67,66.67
1067,8/28/24,garfield,1645,30.5,10.31,palm,Aeshna,Aeshnids,832.67,66.67
1068,8/28/24,garfield,1645,30.5,13.97,dash,Pachydiplax,Libs,832.67,66.67
1069,8/28/24,garfield,1645,30.5,9.6,palm,Aeshna,Aeshnids,832.67,66.67
1070,8/28/24,garfield,1645,30.5,6.22,palm,Aeshna,Aeshnids,832.67,66.67
1071,8/28/24,garfield,1645,30.5,8.79,simp,Erythemis,Libs,832.67,66.67
1072,8/28/24,garfield,1645,30.5,9.03,palm,Aeshna,Aeshnids,832.67,66.67
1073,8/28/24,garfield,1645,30.5,6.57,dash,Pachydiplax,Libs,832.67,66.67
1074,8/28/24,garfield,1645,30.5,15.25,dash,Pachydiplax,Libs,832.67,66.67
1075,8/28/24,garfield,1645,30.5,12.09,pten,Perithemis,Libs,832.67,66.67
1076,8/28/24,garfield,1645,30.5,6.88,dash,Pachydiplax,Libs,832.67,66.67
1077,8/28/24,garfield,1645,30.5,19.19,dash,Pachydiplax,Libs,832.67,66.67
1078,8/28/24,garfield,1645,30.5,10.32,dash,Pachydiplax,Libs,832.67,66.67
1079,8/28/24,garfield,1645,30.5,6.28,dash,Pachydiplax,Libs,832.67,66.67
1080,8/28/24,garfield,1645,30.5,9.35,dash,Pachydiplax,Libs,832.67,66.67
1081,8/28/24,garfield,1645,30.5,7.54,pten,Perithemis,Libs,832.67,66.67
1082,8/28/24,garfield,1645,30.5,10.53,dash,Pachydiplax,Libs,832.67,66.67
1083,9/2/24,ranger,2823,20,1.28,palm,Aeshna,Aeshnids,2279.38,25
1084,9/2/24,ranger,2823,20,2.81,palm,Aeshna,Aeshnids,2279.38,25
1085,9/2/24,ranger,2823,20,1.4,palm,Aeshna,Aeshnids,2279.38,25
1086,9/2/24,ranger,2823,20,1.47,palm,Aeshna,Aeshnids,2279.38,25
1087,9/2/24,ranger,2823,20,3.03,palm,Aeshna,Aeshnids,2279.38,25
1088,9/2/24,ranger,2823,20,3.38,erem,Aeshna,Aeshnids,2279.38,25
1089,9/2/24,ranger,2823,20,2.85,palm,Aeshna,Aeshnids,2279.38,25
1090,9/2/24,ranger,2823,20,1.62,palm,Aeshna,Aeshnids,2279.38,25
1091,9/2/24,ranger,2823,20,5.47,palm,Aeshna,Aeshnids,2279.38,25
1092,9/2/24,ranger,2823,20,1.81,palm,Aeshna,Aeshnids,2279.38,25
1093,9/2/24,ranger,2823,20,2.06,palm,Aeshna,Aeshnids,2279.38,25
1094,9/2/24,ranger,2823,20,1.91,palm,Aeshna,Aeshnids,2279.38,25
1095,9/2/24,ranger,2823,20,1.19,palm,Aeshna,Aeshnids,2279.38,25
1096,9/2/24,ranger,2823,20,4.97,erem,Aeshna,Aeshnids,2279.38,25
1097,9/2/24,ranger,2823,20,1.78,erem,Aeshna,Aeshnids,2279.38,25
1098,9/2/24,ranger,2823,20,2.62,palm,Aeshna,Aeshnids,2279.38,25
1099,9/2/24,ranger,2823,20,1.06,palm,Aeshna,Aeshnids,2279.38,25
1100,9/2/24,ranger,2823,20,0.75,palm,Aeshna,Aeshnids,2279.38,25
1101,9/2/24,ranger,2823,20,1.69,erem,Aeshna,Aeshnids,2279.38,25
1102,9/2/24,ranger,2823,20,1.41,palm,Aeshna,Aeshnids,2279.38,25
1103,9/2/24,ranger,2823,20,2.31,palm,Aeshna,Aeshnids,2279.38,25
1104,9/2/24,ranger,2823,20,1.5,palm,Aeshna,Aeshnids,2279.38,25
1105,9/2/24,ranger,2823,20,0.66,palm,Aeshna,Aeshnids,2279.38,25
1106,9/2/24,ranger,2823,20,0.82,erem,Aeshna,Aeshnids,2279.38,25
1107,9/2/24,ranger,2823,20,1.06,palm,Aeshna,Aeshnids,2279.38,25
1108,9/12/24,lost lake,2987,22.8,1.15,bm,Sympetrum,Libs,637.47,48
1109,9/12/24,lost lake,2987,22.8,1.21,erem,Aeshna,Aeshnids,637.47,48
1110,9/12/24,lost lake,2987,22.8,1.68,bm,Sympetrum,Libs,637.47,48
1111,9/12/24,lost lake,2987,22.8,1.34,bm,Sympetrum,Libs,637.47,48
1112,9/12/24,lost lake,2987,22.8,1.87,erem,Aeshna,Aeshnids,637.47,48
1113,9/12/24,lost lake,2987,22.8,1.93,erem,Aeshna,Aeshnids,637.47,48
1114,9/12/24,lost lake,2987,22.8,1.97,bm,Sympetrum,Libs,637.47,48
1115,9/12/24,lost lake,2987,22.8,2.75,bm,Sympetrum,Libs,637.47,48
1116,9/12/24,lost lake,2987,22.8,2.03,bm,Sympetrum,Libs,637.47,48
1117,9/12/24,lost lake,2987,22.8,1.28,bm,Sympetrum,Libs,637.47,48
1118,9/12/24,lost lake,2987,22.8,1.78,erem,Aeshna,Aeshnids,637.47,48
1119,9/12/24,lost lake,2987,22.8,3.59,erem,Aeshna,Aeshnids,637.47,48
1120,9/12/24,lost lake,2987,22.8,2.63,erem,Aeshna,Aeshnids,637.47,48
1121,9/12/24,lost lake,2987,22.8,2.59,erem,Aeshna,Aeshnids,637.47,48
1122,9/12/24,lost lake,2987,22.8,3.28,bm,Sympetrum,Libs,637.47,48
1123,9/12/24,lost lake,2987,22.8,2.31,bm,Sympetrum,Libs,637.47,48
1124,9/12/24,lost lake,2987,22.8,7.06,erem,Aeshna,Aeshnids,637.47,48
1125,9/12/24,lost lake,2987,22.8,3.72,erem,Aeshna,Aeshnids,637.47,48
1126,9/12/24,lost lake,2987,22.8,3.03,erem,Aeshna,Aeshnids,637.47,48
1127,9/12/24,lost lake,2987,22.8,1.63,erem,Aeshna,Aeshnids,637.47,48
1128,9/12/24,lost lake,2987,22.8,2.82,erem,Aeshna,Aeshnids,637.47,48
1129,9/12/24,lost lake,2987,22.8,0.94,erem,Aeshna,Aeshnids,637.47,48
1130,9/12/24,lost lake,2987,22.8,1,erem,Aeshna,Aeshnids,637.47,48
1131,9/12/24,lost lake,2987,22.8,1.91,erem,Aeshna,Aeshnids,637.47,48
1132,9/12/24,lost lake,2987,22.8,0.53,erem,Aeshna,Aeshnids,637.47,48
1133,9/12/24,lost lake,2987,22.8,0.97,bm,Sympetrum,Libs,637.47,48
1134,9/12/24,lost lake,2987,22.8,2.53,erem,Aeshna,Aeshnids,637.47,48
1135,9/12/24,lost lake,2987,22.8,4.41,erem,Aeshna,Aeshnids,637.47,48
1136,9/12/24,lost lake,2987,22.8,2.75,bm,Sympetrum,Libs,637.47,48
1137,9/12/24,lost lake,2987,22.8,3.87,erem,Aeshna,Aeshnids,637.47,48
1138,9/12/24,lost lake,2987,22.8,3.72,bm,Sympetrum,Libs,637.47,48
1139,9/12/24,lost lake,2987,22.8,2.31,bm,Sympetrum,Libs,637.47,48
1140,9/12/24,lost lake,2987,22.8,1.81,bm,Sympetrum,Libs,637.47,48
1141,9/12/24,lost lake,2987,22.8,2.16,erem,Aeshna,Aeshnids,637.47,48
1142,9/12/24,lost lake,2987,22.8,3.22,erem,Aeshna,Aeshnids,637.47,48
1143,9/12/24,lost lake,2987,22.8,3.75,erem,Aeshna,Aeshnids,637.47,48
1144,9/12/24,lost lake,2987,22.8,2.65,erem,Aeshna,Aeshnids,637.47,48
1145,9/12/24,lost lake,2987,22.8,1.53,bm,Sympetrum,Libs,637.47,48
1146,9/12/24,lost lake,2987,22.8,3.46,bm,Sympetrum,Libs,637.47,48
1147,9/12/24,lost lake,2987,22.8,6.61,bm,Sympetrum,Libs,637.47,48
1148,9/12/24,lost lake,2987,22.8,3,erem,Aeshna,Aeshnids,637.47,48
1149,9/12/24,lost lake,2987,22.8,2.28,bm,Sympetrum,Libs,637.47,48
1150,9/12/24,lost lake,2987,22.8,1.62,erem,Aeshna,Aeshnids,637.47,48
1151,9/12/24,lost lake,2987,22.8,1.53,bm,Sympetrum,Libs,637.47,48
1152,9/12/24,lost lake,2987,22.8,2.53,bm,Sympetrum,Libs,637.47,48
1153,9/12/24,lost lake,2987,22.8,1.87,bm,Sympetrum,Libs,637.47,48
1154,9/12/24,lost lake,2987,22.8,3.19,bm,Sympetrum,Libs,637.47,48
1155,9/12/24,lost lake,2987,22.8,1.62,bm,Sympetrum,Libs,637.47,48
1156,9/12/24,lost lake,2987,22.8,2.15,bm,Sympetrum,Libs,637.47,48
1157,9/12/24,lost lake,2987,22.8,4.32,erem,Aeshna,Aeshnids,637.47,48
1158,9/12/24,lost lake,2987,22.8,1.78,bm,Sympetrum,Libs,637.47,48
1159,9/12/24,lost lake,2987,22.8,3.97,bm,Sympetrum,Libs,637.47,48
1160,9/12/24,lost lake,2987,22.8,2.59,bm,Sympetrum,Libs,637.47,48
1161,9/12/24,lost lake,2987,22.8,3.97,erem,Aeshna,Aeshnids,637.47,48
1162,9/12/24,lost lake,2987,22.8,1.84,erem,Aeshna,Aeshnids,637.47,48
1163,9/12/24,lost lake,2987,22.8,5.53,erem,Aeshna,Aeshnids,637.47,48
1164,9/12/24,lost lake,2987,22.8,0.91,bm,Sympetrum,Libs,637.47,48
1165,9/12/24,lost lake,2987,22.8,0.97,bm,Sympetrum,Libs,637.47,48
1166,9/12/24,lost lake,2987,22.8,0.78,bm,Sympetrum,Libs,637.47,48
1167,9/12/24,lost lake,2987,22.8,1.22,bm,Sympetrum,Libs,637.47,48
1168,9/14/24,pine valley,2089,25,3.06,palm,Aeshna,Aeshnids,843.15,50
1169,9/14/24,pine valley,2089,25,4.91,palm,Aeshna,Aeshnids,843.15,50
1170,9/14/24,pine valley,2089,25,9.37,palm,Aeshna,Aeshnids,843.15,50
1171,9/14/24,pine valley,2089,25,3.82,palm,Aeshna,Aeshnids,843.15,50
1172,9/14/24,pine valley,2089,25,5.85,palm,Aeshna,Aeshnids,843.15,50
1173,9/14/24,pine valley,2089,25,5.75,palm,Aeshna,Aeshnids,843.15,50
1174,9/14/24,pine valley,2089,25,4.63,palm,Aeshna,Aeshnids,843.15,50
1175,9/14/24,pine valley,2089,25,12.34,palm,Aeshna,Aeshnids,843.15,50
1176,9/14/24,pine valley,2089,25,6.9,palm,Aeshna,Aeshnids,843.15,50
1177,9/14/24,pine valley,2089,25,7.31,palm,Aeshna,Aeshnids,843.15,50
1178,9/14/24,pine valley,2089,25,3.81,multi,Rhionaeshna,Aeshnids,843.15,50
1179,9/14/24,pine valley,2089,25,4.28,multi,Rhionaeshna,Aeshnids,843.15,50
1180,9/14/24,pine valley,2089,25,8.85,ply,Plathemis,Libs,843.15,50
1181,9/14/24,pine valley,2089,25,3.28,palm,Aeshna,Aeshnids,843.15,50
1182,9/14/24,pine valley,2089,25,6.07,palm,Aeshna,Aeshnids,843.15,50
1183,9/14/24,pine valley,2089,25,8.16,palm,Aeshna,Aeshnids,843.15,50
1184,9/14/24,pine valley,2089,25,4.63,multi,Rhionaeshna,Aeshnids,843.15,50
1185,9/14/24,pine valley,2089,25,6.32,palm,Aeshna,Aeshnids,843.15,50
1186,9/14/24,pine valley,2089,25,11.12,palm,Aeshna,Aeshnids,843.15,50
1187,9/14/24,pine valley,2089,25,1.4,palm,Aeshna,Aeshnids,843.15,50
1188,9/14/24,pine valley,2089,25,4.16,palm,Aeshna,Aeshnids,843.15,50
1189,9/14/24,pine valley,2089,25,8.69,palm,Aeshna,Aeshnids,843.15,50
1190,9/14/24,pine valley,2089,25,14.38,palm,Aeshna,Aeshnids,843.15,50
1191,9/14/24,pine valley,2089,25,3.6,multi,Rhionaeshna,Aeshnids,843.15,50
1192,9/14/24,pine valley,2089,25,12.16,palm,Aeshna,Aeshnids,843.15,50
1193,9/14/24,pine valley,2089,25,10.18,palm,Aeshna,Aeshnids,843.15,50
1194,9/14/24,pine valley,2089,25,4.25,bm,Sympetrum,Libs,843.15,50
1195,9/14/24,pine valley,2089,25,8.78,palm,Aeshna,Aeshnids,843.15,50
1196,9/14/24,pine valley,2089,25,2.06,multi,Rhionaeshna,Aeshnids,843.15,50
1197,9/14/24,pine valley,2089,25,5.12,multi,Rhionaeshna,Aeshnids,843.15,50
1198,9/14/24,pine valley,2089,25,8.5,palm,Aeshna,Aeshnids,843.15,50
1199,9/14/24,pine valley,2089,25,3.06,palm,Aeshna,Aeshnids,843.15,50
1200,9/14/24,pine valley,2089,25,12.58,palm,Aeshna,Aeshnids,843.15,50
1201,9/14/24,pine valley,2089,25,2.22,palm,Aeshna,Aeshnids,843.15,50
1202,9/14/24,pine valley,2089,25,2.84,palm,Aeshna,Aeshnids,843.15,50
1203,9/14/24,pine valley,2089,25,3.79,palm,Aeshna,Aeshnids,843.15,50
1204,9/14/24,pine valley,2089,25,3,palm,Aeshna,Aeshnids,843.15,50
1205,9/14/24,pine valley,2089,25,3.38,palm,Aeshna,Aeshnids,843.15,50
1206,9/14/24,pine valley,2089,25,12.9,palm,Aeshna,Aeshnids,843.15,50
1207,9/14/24,pine valley,2089,25,3.43,multi,Rhionaeshna,Aeshnids,843.15,50
1208,9/14/24,pine valley,2089,25,2.79,palm,Aeshna,Aeshnids,843.15,50
1209,9/14/24,pine valley,2089,25,2.63,palm,Aeshna,Aeshnids,843.15,50
1210,9/14/24,pine valley,2089,25,4.16,palm,Aeshna,Aeshnids,843.15,50
1211,9/14/24,pine valley,2089,25,6.22,palm,Aeshna,Aeshnids,843.15,50
1212,9/14/24,pine valley,2089,25,4.87,palm,Aeshna,Aeshnids,843.15,50
1213,9/14/24,pine valley,2089,25,11.91,palm,Aeshna,Aeshnids,843.15,50
1214,9/14/24,pine valley,2089,25,19.65,palm,Aeshna,Aeshnids,843.15,50
1215,9/14/24,pine valley,2089,25,1.81,palm,Aeshna,Aeshnids,843.15,50
1216,9/14/24,pine valley,2089,25,5.75,palm,Aeshna,Aeshnids,843.15,50
1217,9/14/24,pine valley,2089,25,5.63,palm,Aeshna,Aeshnids,843.15,50