StudyID,Species,Taxon.group,Endo.Ecto,linear.coefs,linear.coefs.se,elevation,abs.Lat,Genus,family,order,class
15,Parus caeruleus,V,Endo,-1.426510584,0.60238109,29,42.5667,Parus,Paridae,Passeriformes,Ave
79,Phasianus colchicus,V,Endo,-0.8,NA,17,55.7232,Phasianus,Phasianidae,Galliformes,Ave
73,Lacerta agilis,V,Ecto,-0.759,0.472,5,57.3947,Lacerta,Laceratidae,Squamata,Reptilia
15,Parus caeruleus,V,Endo,-0.704837692,0.51898546,593,42.55,Parus,Paridae,Passeriformes,Ave
73,Lacerta agilis,V,Ecto,-0.595,0.454,5,57.3947,Lacerta,Laceratidae,Squamata,Reptilia
101,Zosterops lateralis chlorocephalus,V,Endo,-0.535,NA,-17,23.4333,Zosterops,Zosteropidae,Passeriformes,Ave
15,Parus caeruleus,V,Endo,-0.496708399,1.21816711,29,42.5667,Parus,Paridae,Passeriformes,Ave
79,Phasianus colchicus,V,Endo,-0.43,NA,17,55.7232,Phasianus,Phasianidae,Galliformes,Ave
61,Negaprion brevirostris,V,Ecto,-0.41,NA,8,25.745,Negaprion,Carcharhinidae,Elasmobranchii,Chondrichthyes
61,Negaprion brevirostris,V,Ecto,-0.4,NA,8,25.745,Negaprion,Carcharhinidae,Elasmobranchii,Chondrichthyes
79,Phasianus colchicus,V,Endo,-0.4,NA,17,55.7232,Phasianus,Phasianidae,Galliformes,Ave
61,Negaprion brevirostris,V,Ecto,-0.35,NA,8,25.745,Negaprion,Carcharhinidae,Elasmobranchii,Chondrichthyes
15,Parus caeruleus,V,Endo,-0.348872989,0.36895598,29,42.5667,Parus,Paridae,Passeriformes,Ave
15,Parus caeruleus,V,Endo,-0.332686522,0.39567515,232,43.6667,Parus,Paridae,Passeriformes,Ave
132,Anolis sagrei,V,Ecto,-0.32,0.15,-1,23.4833,Anolis,Dactyloidae,Squamata,Reptilia
11,Calopteryx splendens,I,Ecto,-0.294091,NA,10,55.7,Calopteryx,Calopterygidae,Odonata,Insecta
75,Salmo salar,V,Ecto,-0.28,NA,124,42.4167,Salmo,Salmonidae,Salmoniformes,Actinopterygii
61,Negaprion brevirostris,V,Ecto,-0.27,NA,8,25.745,Negaprion,Carcharhinidae,Elasmobranchii,Chondrichthyes
75,Salmo salar,V,Ecto,-0.27,NA,124,42.4167,Salmo,Salmonidae,Salmoniformes,Actinopterygii
15,Parus caeruleus,V,Endo,-0.261218811,0.3534121,29,42.5667,Parus,Paridae,Passeriformes,Ave
67,Ovis aries,V,Endo,-0.253,0.22,121,57.814,Ovis,Bovidae,Artiodactyla,Mammalia
61,Negaprion brevirostris,V,Ecto,-0.250416,NA,8,25.745,Negaprion,Carcharhinidae,Elasmobranchii,Chondrichthyes
79,Phasianus colchicus,V,Endo,-0.25,NA,17,55.7232,Phasianus,Phasianidae,Galliformes,Ave
79,Phasianus colchicus,V,Endo,-0.24,NA,17,55.7232,Phasianus,Phasianidae,Galliformes,Ave
15,Parus caeruleus,V,Endo,-0.234928705,0.50760675,29,42.5667,Parus,Paridae,Passeriformes,Ave
15,Parus caeruleus,V,Endo,-0.226011228,0.25188037,593,42.55,Parus,Paridae,Passeriformes,Ave
61,Negaprion brevirostris,V,Ecto,-0.220991,NA,8,25.745,Negaprion,Carcharhinidae,Elasmobranchii,Chondrichthyes
11,Calopteryx splendens,I,Ecto,-0.218969,NA,33,55.6333,Calopteryx,Calopterygidae,Odonata,Insecta
150,Chrysemys picta,V,Ecto,-0.218,0.238,184,41.9586,Chrysemys,Emydidae,Testudines,Reptilia
119,Aquarius remigis,I,Ecto,-0.21,NA,31,45.5167,Aquarius,Gerridae,Hemiptera,Insecta
11,Calopteryx splendens,I,Ecto,-0.202437,NA,33,55.6333,Calopteryx,Calopterygidae,Odonata,Insecta
75,Salmo salar,V,Ecto,-0.2,NA,124,42.4167,Salmo,Salmonidae,Salmoniformes,Actinopterygii
67,Ovis aries,V,Endo,-0.189,0.219,121,57.814,Ovis,Bovidae,Artiodactyla,Mammalia
101,Zosterops lateralis chlorocephalus,V,Endo,-0.185,NA,-17,23.4333,Zosterops,Zosteropidae,Passeriformes,Ave
61,Negaprion brevirostris,V,Ecto,-0.18,NA,8,25.745,Negaprion,Carcharhinidae,Elasmobranchii,Chondrichthyes
119,Aquarius remigis,I,Ecto,-0.179,NA,31,45.5167,Aquarius,Gerridae,Hemiptera,Insecta
11,Calopteryx splendens,I,Ecto,-0.172754,NA,33,55.6333,Calopteryx,Calopterygidae,Odonata,Insecta
150,Chrysemys picta,V,Ecto,-0.166,0.473,184,41.9586,Chrysemys,Emydidae,Testudines,Reptilia
11,Calopteryx splendens,I,Ecto,-0.165706,NA,33,55.6333,Calopteryx,Calopterygidae,Odonata,Insecta
67,Ovis aries,V,Endo,-0.163,0.071,121,57.814,Ovis,Bovidae,Artiodactyla,Mammalia
112,Zosterops lateralis chlorocephalus,V,Endo,-0.16,0.07,-17,23.4333,Zosterops,Zosteropidae,Passeriformes,Ave
74,Oncorhynchus nerka,V,Ecto,-0.157,0.031,19,59.3217,Oncorhynchus,Salmonidae,Salmoniformes,Actinopterygii
79,Phasianus colchicus,V,Endo,-0.15,NA,17,55.7232,Phasianus,Phasianidae,Galliformes,Ave
11,Calopteryx splendens,I,Ecto,-0.141968,NA,33,55.6333,Calopteryx,Calopterygidae,Odonata,Insecta
79,Phasianus colchicus,V,Endo,-0.14,NA,17,55.7232,Phasianus,Phasianidae,Galliformes,Ave
112,Zosterops lateralis chlorocephalus,V,Endo,-0.14,0.19,-17,23.4333,Zosterops,Zosteropidae,Passeriformes,Ave
15,Parus caeruleus,V,Endo,-0.139206092,0.29398202,232,43.6667,Parus,Paridae,Passeriformes,Ave
101,Zosterops lateralis chlorocephalus,V,Endo,-0.136,NA,-17,23.4333,Zosterops,Zosteropidae,Passeriformes,Ave
101,Zosterops lateralis chlorocephalus,V,Endo,-0.135,NA,-17,23.4333,Zosterops,Zosteropidae,Passeriformes,Ave
11,Calopteryx splendens,I,Ecto,-0.133509,NA,10,55.7,Calopteryx,Calopterygidae,Odonata,Insecta
61,Negaprion brevirostris,V,Ecto,-0.130385,NA,8,25.745,Negaprion,Carcharhinidae,Elasmobranchii,Chondrichthyes
61,Negaprion brevirostris,V,Ecto,-0.13,NA,8,25.745,Negaprion,Carcharhinidae,Elasmobranchii,Chondrichthyes
61,Negaprion brevirostris,V,Ecto,-0.12680955,NA,8,25.745,Negaprion,Carcharhinidae,Elasmobranchii,Chondrichthyes
158,Parus major,V,Endo,-0.124,0.057,10,51.641,Parus,Paridae,Passeriformes,Ave
158,Parus major,V,Endo,-0.124,0.052,-2,53.2833,Parus,Paridae,Passeriformes,Ave
144,Carpodacus mexicanus,V,Endo,-0.121,NA,971,46.8607,Carpodacus,Fringillidae,Passeriformes,Ave
75,Salmo salar,V,Ecto,-0.12,NA,124,42.4167,Salmo,Salmonidae,Salmoniformes,Actinopterygii
79,Phasianus colchicus,V,Endo,-0.12,NA,17,55.7232,Phasianus,Phasianidae,Galliformes,Ave
61,Negaprion brevirostris,V,Ecto,-0.11748,NA,8,25.745,Negaprion,Carcharhinidae,Elasmobranchii,Chondrichthyes
11,Calopteryx splendens,I,Ecto,-0.116828,NA,10,55.7,Calopteryx,Calopterygidae,Odonata,Insecta
51,Poecilia reticulata,V,Ecto,-0.11,NA,88,10.4606,Poecilia,Poecilidae,Cyprinodontiformes,Actinopterygii
112,Zosterops lateralis chlorocephalus,V,Endo,-0.11,0.1,-17,23.4333,Zosterops,Zosteropidae,Passeriformes,Ave
112,Zosterops lateralis chlorocephalus,V,Endo,-0.11,0.05,-17,23.4333,Zosterops,Zosteropidae,Passeriformes,Ave
37,Stegastes partitus,V,Ecto,-0.107,0.085,-2,23.7179,Stegastes,Pomacentridae,Blenniformes,Actinopterygii
11,Calopteryx splendens,I,Ecto,-0.101922,NA,33,55.6333,Calopteryx,Calopterygidae,Odonata,Insecta
112,Zosterops lateralis chlorocephalus,V,Endo,-0.1,0.1,-17,23.4333,Zosterops,Zosteropidae,Passeriformes,Ave
158,Parus major,V,Endo,-0.098,0.061,-2,53.2833,Parus,Paridae,Passeriformes,Ave
61,Negaprion brevirostris,V,Ecto,-0.0975744,NA,8,25.745,Negaprion,Carcharhinidae,Elasmobranchii,Chondrichthyes
158,Parus major,V,Endo,-0.097,0.068,10,51.641,Parus,Paridae,Passeriformes,Ave
61,Negaprion brevirostris,V,Ecto,-0.095,NA,8,25.745,Negaprion,Carcharhinidae,Elasmobranchii,Chondrichthyes
112,Zosterops lateralis chlorocephalus,V,Endo,-0.09,0.17,-17,23.4333,Zosterops,Zosteropidae,Passeriformes,Ave
15,Parus caeruleus,V,Endo,-0.089037598,0.22842674,593,42.55,Parus,Paridae,Passeriformes,Ave
15,Parus caeruleus,V,Endo,-0.085820888,0.20407324,232,43.6667,Parus,Paridae,Passeriformes,Ave
11,Calopteryx splendens,I,Ecto,-0.084062,NA,10,55.7,Calopteryx,Calopterygidae,Odonata,Insecta
158,Parus major,V,Endo,-0.082,0.054,10,51.641,Parus,Paridae,Passeriformes,Ave
51,Poecilia reticulata,V,Ecto,-0.08,NA,88,10.4606,Poecilia,Poecilidae,Cyprinodontiformes,Actinopterygii
75,Salmo salar,V,Ecto,-0.08,NA,124,42.4167,Salmo,Salmonidae,Salmoniformes,Actinopterygii
11,Calopteryx splendens,I,Ecto,-0.07982,NA,10,55.7,Calopteryx,Calopterygidae,Odonata,Insecta
74,Oncorhynchus nerka,V,Ecto,-0.079,0.031,19,59.3217,Oncorhynchus,Salmonidae,Salmoniformes,Actinopterygii
144,Carpodacus mexicanus,V,Endo,-0.079,NA,971,46.8607,Carpodacus,Fringillidae,Passeriformes,Ave
11,Calopteryx splendens,I,Ecto,-0.077781,NA,10,55.7,Calopteryx,Calopterygidae,Odonata,Insecta
158,Parus major,V,Endo,-0.075,0.064,10,51.641,Parus,Paridae,Passeriformes,Ave
158,Parus major,V,Endo,-0.075,0.048,10,51.641,Parus,Paridae,Passeriformes,Ave
15,Parus caeruleus,V,Endo,-0.074139966,0.16146162,593,42.55,Parus,Paridae,Passeriformes,Ave
144,Carpodacus mexicanus,V,Endo,-0.071,NA,971,46.8607,Carpodacus,Fringillidae,Passeriformes,Ave
132,Anolis sagrei,V,Ecto,-0.07,0.15,-1,23.4833,Anolis,Dactyloidae,Squamata,Reptilia
144,Carpodacus mexicanus,V,Endo,-0.07,NA,971,46.8607,Carpodacus,Fringillidae,Passeriformes,Ave
67,Ovis aries,V,Endo,-0.07,0.183,121,57.814,Ovis,Bovidae,Artiodactyla,Mammalia
112,Zosterops lateralis chlorocephalus,V,Endo,-0.07,0.09,-17,23.4333,Zosterops,Zosteropidae,Passeriformes,Ave
15,Parus caeruleus,V,Endo,-0.064015778,0.34653102,232,43.6667,Parus,Paridae,Passeriformes,Ave
158,Parus major,V,Endo,-0.062,0.051,-2,53.2833,Parus,Paridae,Passeriformes,Ave
158,Parus major,V,Endo,-0.062,0.043,-2,53.2833,Parus,Paridae,Passeriformes,Ave
75,Salmo salar,V,Ecto,-0.06,NA,124,42.4167,Salmo,Salmonidae,Salmoniformes,Actinopterygii
158,Parus major,V,Endo,-0.06,0.056,10,51.641,Parus,Paridae,Passeriformes,Ave
112,Zosterops lateralis chlorocephalus,V,Endo,-0.06,0.06,-17,23.4333,Zosterops,Zosteropidae,Passeriformes,Ave
112,Zosterops lateralis chlorocephalus,V,Endo,-0.06,0.07,-17,23.4333,Zosterops,Zosteropidae,Passeriformes,Ave
15,Parus caeruleus,V,Endo,-0.059088467,0.55765381,29,42.5667,Parus,Paridae,Passeriformes,Ave
158,Parus major,V,Endo,-0.059,0.064,10,51.641,Parus,Paridae,Passeriformes,Ave
158,Parus major,V,Endo,-0.059,0.037,39,52.0833,Parus,Paridae,Passeriformes,Ave
158,Parus major,V,Endo,-0.055,0.082,10,51.641,Parus,Paridae,Passeriformes,Ave
15,Parus caeruleus,V,Endo,-0.054535617,0.7900313,29,42.5667,Parus,Paridae,Passeriformes,Ave
15,Parus caeruleus,V,Endo,-0.052506671,0.16025482,232,43.6667,Parus,Paridae,Passeriformes,Ave
73,Lacerta agilis,V,Ecto,-0.052,0.831,5,57.3947,Lacerta,Laceratidae,Squamata,Reptilia
67,Ovis aries,V,Endo,-0.052,0.054,121,57.814,Ovis,Bovidae,Artiodactyla,Mammalia
158,Parus major,V,Endo,-0.052,0.06,10,51.641,Parus,Paridae,Passeriformes,Ave
158,Parus major,V,Endo,-0.052,0.038,39,52.0833,Parus,Paridae,Passeriformes,Ave
11,Calopteryx splendens,I,Ecto,-0.051454,NA,33,55.6333,Calopteryx,Calopterygidae,Odonata,Insecta
67,Ovis aries,V,Endo,-0.051,0.061,121,57.814,Ovis,Bovidae,Artiodactyla,Mammalia
11,Calopteryx splendens,I,Ecto,-0.050664,NA,33,55.6333,Calopteryx,Calopterygidae,Odonata,Insecta
61,Negaprion brevirostris,V,Ecto,-0.0502072,NA,8,25.745,Negaprion,Carcharhinidae,Elasmobranchii,Chondrichthyes
51,Poecilia reticulata,V,Ecto,-0.05,NA,88,10.4606,Poecilia,Poecilidae,Cyprinodontiformes,Actinopterygii
67,Ovis aries,V,Endo,-0.05,0.035,121,57.814,Ovis,Bovidae,Artiodactyla,Mammalia
112,Zosterops lateralis chlorocephalus,V,Endo,-0.05,0.06,-17,23.4333,Zosterops,Zosteropidae,Passeriformes,Ave
112,Zosterops lateralis chlorocephalus,V,Endo,-0.05,0.08,-17,23.4333,Zosterops,Zosteropidae,Passeriformes,Ave
158,Parus major,V,Endo,-0.049,0.032,39,52.0833,Parus,Paridae,Passeriformes,Ave
158,Parus major,V,Endo,-0.048,0.036,39,52.0833,Parus,Paridae,Passeriformes,Ave
61,Negaprion brevirostris,V,Ecto,-0.047,NA,8,25.745,Negaprion,Carcharhinidae,Elasmobranchii,Chondrichthyes
119,Aquarius remigis,I,Ecto,-0.046,NA,31,45.5167,Aquarius,Gerridae,Hemiptera,Insecta
158,Parus major,V,Endo,-0.046,0.032,-2,53.2833,Parus,Paridae,Passeriformes,Ave
158,Parus major,V,Endo,-0.044,0.032,-2,53.2833,Parus,Paridae,Passeriformes,Ave
15,Parus caeruleus,V,Endo,-0.04376235,0.22937654,593,42.55,Parus,Paridae,Passeriformes,Ave
11,Calopteryx splendens,I,Ecto,-0.04326,NA,10,55.7,Calopteryx,Calopterygidae,Odonata,Insecta
144,Carpodacus mexicanus,V,Endo,-0.043,NA,971,46.8607,Carpodacus,Fringillidae,Passeriformes,Ave
15,Parus caeruleus,V,Endo,-0.040849391,0.33268822,593,42.55,Parus,Paridae,Passeriformes,Ave
158,Parus major,V,Endo,-0.04,0.035,39,52.0833,Parus,Paridae,Passeriformes,Ave
158,Parus major,V,Endo,-0.04,0.066,10,51.641,Parus,Paridae,Passeriformes,Ave
158,Parus major,V,Endo,-0.038,0.053,10,51.641,Parus,Paridae,Passeriformes,Ave
158,Parus major,V,Endo,-0.037,0.069,10,51.641,Parus,Paridae,Passeriformes,Ave
158,Parus major,V,Endo,-0.037,0.053,-2,53.2833,Parus,Paridae,Passeriformes,Ave
67,Ovis aries,V,Endo,-0.036,0.163,121,57.814,Ovis,Bovidae,Artiodactyla,Mammalia
144,Carpodacus mexicanus,V,Endo,-0.035,NA,971,46.8607,Carpodacus,Fringillidae,Passeriformes,Ave
144,Carpodacus mexicanus,V,Endo,-0.035,NA,971,46.8607,Carpodacus,Fringillidae,Passeriformes,Ave
67,Ovis aries,V,Endo,-0.034,0.07,121,57.814,Ovis,Bovidae,Artiodactyla,Mammalia
158,Parus major,V,Endo,-0.034,0.045,-2,53.2833,Parus,Paridae,Passeriformes,Ave
158,Parus major,V,Endo,-0.033,0.057,10,51.641,Parus,Paridae,Passeriformes,Ave
158,Parus major,V,Endo,-0.033,0.03,39,52.0833,Parus,Paridae,Passeriformes,Ave
158,Parus major,V,Endo,-0.033,0.035,-2,53.2833,Parus,Paridae,Passeriformes,Ave
15,Parus caeruleus,V,Endo,-0.030436711,0.19647677,232,43.6667,Parus,Paridae,Passeriformes,Ave
15,Parus caeruleus,V,Endo,-0.030305075,0.16470774,593,42.55,Parus,Paridae,Passeriformes,Ave
158,Parus major,V,Endo,-0.03,0.035,39,52.0833,Parus,Paridae,Passeriformes,Ave
79,Phasianus colchicus,V,Endo,-0.03,NA,17,55.7232,Phasianus,Phasianidae,Galliformes,Ave
79,Phasianus colchicus,V,Endo,-0.03,NA,17,55.7232,Phasianus,Phasianidae,Galliformes,Ave
75,Salmo salar,V,Ecto,-0.03,NA,124,42.4167,Salmo,Salmonidae,Salmoniformes,Actinopterygii
112,Zosterops lateralis chlorocephalus,V,Endo,-0.03,0.06,-17,23.4333,Zosterops,Zosteropidae,Passeriformes,Ave
158,Parus major,V,Endo,-0.029,0.03,39,52.0833,Parus,Paridae,Passeriformes,Ave
158,Parus major,V,Endo,-0.028,0.068,10,51.641,Parus,Paridae,Passeriformes,Ave
158,Parus major,V,Endo,-0.027,0.031,-2,53.2833,Parus,Paridae,Passeriformes,Ave
11,Calopteryx splendens,I,Ecto,-0.026438,NA,10,55.7,Calopteryx,Calopterygidae,Odonata,Insecta
158,Parus major,V,Endo,-0.026,0.034,-2,53.2833,Parus,Paridae,Passeriformes,Ave
11,Calopteryx splendens,I,Ecto,-0.025323,NA,33,55.6333,Calopteryx,Calopterygidae,Odonata,Insecta
158,Parus major,V,Endo,-0.025,0.054,-2,53.2833,Parus,Paridae,Passeriformes,Ave
144,Carpodacus mexicanus,V,Endo,-0.024,NA,971,46.8607,Carpodacus,Fringillidae,Passeriformes,Ave
144,Carpodacus mexicanus,V,Endo,-0.024,NA,971,46.8607,Carpodacus,Fringillidae,Passeriformes,Ave
158,Parus major,V,Endo,-0.024,0.034,39,52.0833,Parus,Paridae,Passeriformes,Ave
158,Parus major,V,Endo,-0.024,0.03,-2,53.2833,Parus,Paridae,Passeriformes,Ave
144,Carpodacus mexicanus,V,Endo,-0.023,NA,971,46.8607,Carpodacus,Fringillidae,Passeriformes,Ave
158,Parus major,V,Endo,-0.023,0.037,39,52.0833,Parus,Paridae,Passeriformes,Ave
158,Parus major,V,Endo,-0.023,0.036,39,52.0833,Parus,Paridae,Passeriformes,Ave
15,Parus caeruleus,V,Endo,-0.022490144,0.23084246,232,43.6667,Parus,Paridae,Passeriformes,Ave
11,Calopteryx splendens,I,Ecto,-0.022095,NA,10,55.7,Calopteryx,Calopterygidae,Odonata,Insecta
67,Ovis aries,V,Endo,-0.022,0.051,121,57.814,Ovis,Bovidae,Artiodactyla,Mammalia
158,Parus major,V,Endo,-0.022,0.038,39,52.0833,Parus,Paridae,Passeriformes,Ave
144,Carpodacus mexicanus,V,Endo,-0.022,NA,971,46.8607,Carpodacus,Fringillidae,Passeriformes,Ave
158,Parus major,V,Endo,-0.021,0.033,39,52.0833,Parus,Paridae,Passeriformes,Ave
158,Parus major,V,Endo,-0.02,0.038,39,52.0833,Parus,Paridae,Passeriformes,Ave
158,Parus major,V,Endo,-0.02,0.035,39,52.0833,Parus,Paridae,Passeriformes,Ave
144,Carpodacus mexicanus,V,Endo,-0.02,NA,971,46.8607,Carpodacus,Fringillidae,Passeriformes,Ave
158,Parus major,V,Endo,-0.02,0.06,10,51.641,Parus,Paridae,Passeriformes,Ave
158,Parus major,V,Endo,-0.019,0.033,39,52.0833,Parus,Paridae,Passeriformes,Ave
158,Parus major,V,Endo,-0.019,0.047,-2,53.2833,Parus,Paridae,Passeriformes,Ave
158,Parus major,V,Endo,-0.018,0.041,39,52.0833,Parus,Paridae,Passeriformes,Ave
158,Parus major,V,Endo,-0.017,0.035,39,52.0833,Parus,Paridae,Passeriformes,Ave
158,Parus major,V,Endo,-0.017,0.07,10,51.641,Parus,Paridae,Passeriformes,Ave
158,Parus major,V,Endo,-0.016,0.041,39,52.0833,Parus,Paridae,Passeriformes,Ave
158,Parus major,V,Endo,-0.016,0.109,10,51.641,Parus,Paridae,Passeriformes,Ave
158,Parus major,V,Endo,-0.016,0.034,-2,53.2833,Parus,Paridae,Passeriformes,Ave
158,Parus major,V,Endo,-0.015,0.046,39,52.0833,Parus,Paridae,Passeriformes,Ave
67,Ovis aries,V,Endo,-0.015,0.025,121,57.814,Ovis,Bovidae,Artiodactyla,Mammalia
11,Calopteryx splendens,I,Ecto,-0.014668,NA,33,55.6333,Calopteryx,Calopterygidae,Odonata,Insecta
158,Parus major,V,Endo,-0.013,0.03,39,52.0833,Parus,Paridae,Passeriformes,Ave
144,Carpodacus mexicanus,V,Endo,-0.013,NA,971,46.8607,Carpodacus,Fringillidae,Passeriformes,Ave
158,Parus major,V,Endo,-0.011,0.059,10,51.641,Parus,Paridae,Passeriformes,Ave
51,Poecilia reticulata,V,Ecto,-0.01,NA,88,10.4606,Poecilia,Poecilidae,Cyprinodontiformes,Actinopterygii
51,Poecilia reticulata,V,Ecto,-0.01,NA,88,10.4606,Poecilia,Poecilidae,Cyprinodontiformes,Actinopterygii
75,Salmo salar,V,Ecto,-0.01,NA,124,42.4167,Salmo,Salmonidae,Salmoniformes,Actinopterygii
75,Salmo salar,V,Ecto,-0.01,NA,124,42.4167,Salmo,Salmonidae,Salmoniformes,Actinopterygii
75,Salmo salar,V,Ecto,-0.01,NA,124,42.4167,Salmo,Salmonidae,Salmoniformes,Actinopterygii
158,Parus major,V,Endo,-0.01,0.057,10,51.641,Parus,Paridae,Passeriformes,Ave
79,Phasianus colchicus,V,Endo,-0.01,NA,17,55.7232,Phasianus,Phasianidae,Galliformes,Ave
11,Calopteryx splendens,I,Ecto,-0.009402,NA,10,55.7,Calopteryx,Calopterygidae,Odonata,Insecta
158,Parus major,V,Endo,-0.009,0.06,10,51.641,Parus,Paridae,Passeriformes,Ave
158,Parus major,V,Endo,-0.008,0.03,39,52.0833,Parus,Paridae,Passeriformes,Ave
158,Parus major,V,Endo,-0.008,0.033,-2,53.2833,Parus,Paridae,Passeriformes,Ave
158,Parus major,V,Endo,-0.008,0.058,-2,53.2833,Parus,Paridae,Passeriformes,Ave
158,Parus major,V,Endo,-0.008,0.03,-2,53.2833,Parus,Paridae,Passeriformes,Ave
15,Parus caeruleus,V,Endo,-0.007643051,0.5174041,29,42.5667,Parus,Paridae,Passeriformes,Ave
15,Parus caeruleus,V,Endo,-0.005919388,0.28463277,29,42.5667,Parus,Paridae,Passeriformes,Ave
158,Parus major,V,Endo,-0.005,0.032,-2,53.2833,Parus,Paridae,Passeriformes,Ave
11,Calopteryx splendens,I,Ecto,-0.004019,NA,33,55.6333,Calopteryx,Calopterygidae,Odonata,Insecta
158,Parus major,V,Endo,-0.004,0.029,39,52.0833,Parus,Paridae,Passeriformes,Ave
158,Parus major,V,Endo,-0.003,0.049,10,51.641,Parus,Paridae,Passeriformes,Ave
158,Parus major,V,Endo,-0.003,0.049,-2,53.2833,Parus,Paridae,Passeriformes,Ave
158,Parus major,V,Endo,-0.002,0.043,39,52.0833,Parus,Paridae,Passeriformes,Ave
158,Parus major,V,Endo,-0.002,0.055,10,51.641,Parus,Paridae,Passeriformes,Ave
158,Parus major,V,Endo,-0.002,0.073,10,51.641,Parus,Paridae,Passeriformes,Ave
158,Parus major,V,Endo,-0.002,0.033,-2,53.2833,Parus,Paridae,Passeriformes,Ave
75,Salmo salar,V,Ecto,0,NA,124,42.4167,Salmo,Salmonidae,Salmoniformes,Actinopterygii
75,Salmo salar,V,Ecto,0,NA,124,42.4167,Salmo,Salmonidae,Salmoniformes,Actinopterygii
158,Parus major,V,Endo,0,0.036,39,52.0833,Parus,Paridae,Passeriformes,Ave
158,Parus major,V,Endo,0,0.038,-2,53.2833,Parus,Paridae,Passeriformes,Ave
158,Parus major,V,Endo,0.001,0.036,39,52.0833,Parus,Paridae,Passeriformes,Ave
158,Parus major,V,Endo,0.001,0.039,-2,53.2833,Parus,Paridae,Passeriformes,Ave
74,Oncorhynchus nerka,V,Ecto,0.002,0.022,19,59.3217,Oncorhynchus,Salmonidae,Salmoniformes,Actinopterygii
158,Parus major,V,Endo,0.002,0.034,39,52.0833,Parus,Paridae,Passeriformes,Ave
158,Parus major,V,Endo,0.002,0.025,39,52.0833,Parus,Paridae,Passeriformes,Ave
158,Parus major,V,Endo,0.003,0.042,-2,53.2833,Parus,Paridae,Passeriformes,Ave
158,Parus major,V,Endo,0.004,0.059,10,51.641,Parus,Paridae,Passeriformes,Ave
158,Parus major,V,Endo,0.004,0.032,-2,53.2833,Parus,Paridae,Passeriformes,Ave
158,Parus major,V,Endo,0.005,0.038,-2,53.2833,Parus,Paridae,Passeriformes,Ave
158,Parus major,V,Endo,0.006,0.027,39,52.0833,Parus,Paridae,Passeriformes,Ave
144,Carpodacus mexicanus,V,Endo,0.006,NA,971,46.8607,Carpodacus,Fringillidae,Passeriformes,Ave
144,Carpodacus mexicanus,V,Endo,0.006,NA,971,46.8607,Carpodacus,Fringillidae,Passeriformes,Ave
64,Ficedula albicollis,V,Endo,0.006,0.103,26,57.1667,Ficedula,Muscicapidae,Passeriformes,Ave
158,Parus major,V,Endo,0.007,0.038,39,52.0833,Parus,Paridae,Passeriformes,Ave
158,Parus major,V,Endo,0.007,0.066,10,51.641,Parus,Paridae,Passeriformes,Ave
158,Parus major,V,Endo,0.007,0.032,-2,53.2833,Parus,Paridae,Passeriformes,Ave
158,Parus major,V,Endo,0.008,0.073,10,51.641,Parus,Paridae,Passeriformes,Ave
158,Parus major,V,Endo,0.009,0.05,10,51.641,Parus,Paridae,Passeriformes,Ave
158,Parus major,V,Endo,0.009,0.025,39,52.0833,Parus,Paridae,Passeriformes,Ave
51,Poecilia reticulata,V,Ecto,0.01,NA,88,10.4606,Poecilia,Poecilidae,Cyprinodontiformes,Actinopterygii
75,Salmo salar,V,Ecto,0.01,NA,124,42.4167,Salmo,Salmonidae,Salmoniformes,Actinopterygii
75,Salmo salar,V,Ecto,0.01,NA,124,42.4167,Salmo,Salmonidae,Salmoniformes,Actinopterygii
158,Parus major,V,Endo,0.01,0.059,10,51.641,Parus,Paridae,Passeriformes,Ave
158,Parus major,V,Endo,0.01,0.035,39,52.0833,Parus,Paridae,Passeriformes,Ave
112,Zosterops lateralis chlorocephalus,V,Endo,0.01,0.05,-17,23.4333,Zosterops,Zosteropidae,Passeriformes,Ave
112,Zosterops lateralis chlorocephalus,V,Endo,0.01,0.08,-17,23.4333,Zosterops,Zosteropidae,Passeriformes,Ave
158,Parus major,V,Endo,0.011,0.035,-2,53.2833,Parus,Paridae,Passeriformes,Ave
144,Carpodacus mexicanus,V,Endo,0.013,NA,971,46.8607,Carpodacus,Fringillidae,Passeriformes,Ave
144,Carpodacus mexicanus,V,Endo,0.013,NA,971,46.8607,Carpodacus,Fringillidae,Passeriformes,Ave
158,Parus major,V,Endo,0.013,0.041,39,52.0833,Parus,Paridae,Passeriformes,Ave
144,Carpodacus mexicanus,V,Endo,0.014,NA,971,46.8607,Carpodacus,Fringillidae,Passeriformes,Ave
36,Parus major,V,Endo,0.014,0.033,113,51.7773,Parus,Paridae,Passeriformes,Ave
158,Parus major,V,Endo,0.015,0.036,-2,53.2833,Parus,Paridae,Passeriformes,Ave
158,Parus major,V,Endo,0.015,0.034,-2,53.2833,Parus,Paridae,Passeriformes,Ave
93,Psilocorsis quercicella,I,Ecto,0.016,0.008,184,39.0369,Psilocorsis,Depressariidae,Lepidoptera,Insecta
158,Parus major,V,Endo,0.016,0.029,39,52.0833,Parus,Paridae,Passeriformes,Ave
11,Calopteryx splendens,I,Ecto,0.016414,NA,33,55.6333,Calopteryx,Calopterygidae,Odonata,Insecta
158,Parus major,V,Endo,0.017,0.037,39,52.0833,Parus,Paridae,Passeriformes,Ave
67,Ovis aries,V,Endo,0.017,0.071,121,57.814,Ovis,Bovidae,Artiodactyla,Mammalia
158,Parus major,V,Endo,0.017,0.035,-2,53.2833,Parus,Paridae,Passeriformes,Ave
144,Carpodacus mexicanus,V,Endo,0.018,NA,971,46.8607,Carpodacus,Fringillidae,Passeriformes,Ave
158,Parus major,V,Endo,0.018,0.032,-2,53.2833,Parus,Paridae,Passeriformes,Ave
144,Carpodacus mexicanus,V,Endo,0.019,NA,971,46.8607,Carpodacus,Fringillidae,Passeriformes,Ave
67,Ovis aries,V,Endo,0.019,0.05,121,57.814,Ovis,Bovidae,Artiodactyla,Mammalia
51,Poecilia reticulata,V,Ecto,0.02,NA,88,10.4606,Poecilia,Poecilidae,Cyprinodontiformes,Actinopterygii
75,Salmo salar,V,Ecto,0.02,NA,124,42.4167,Salmo,Salmonidae,Salmoniformes,Actinopterygii
158,Parus major,V,Endo,0.02,0.036,39,52.0833,Parus,Paridae,Passeriformes,Ave
79,Phasianus colchicus,V,Endo,0.02,NA,17,55.7232,Phasianus,Phasianidae,Galliformes,Ave
67,Ovis aries,V,Endo,0.021,0.058,121,57.814,Ovis,Bovidae,Artiodactyla,Mammalia
158,Parus major,V,Endo,0.021,0.07,10,51.641,Parus,Paridae,Passeriformes,Ave
158,Parus major,V,Endo,0.021,0.029,39,52.0833,Parus,Paridae,Passeriformes,Ave
158,Parus major,V,Endo,0.021,0.04,39,52.0833,Parus,Paridae,Passeriformes,Ave
67,Ovis aries,V,Endo,0.022,0.159,121,57.814,Ovis,Bovidae,Artiodactyla,Mammalia
158,Parus major,V,Endo,0.022,0.059,10,51.641,Parus,Paridae,Passeriformes,Ave
158,Parus major,V,Endo,0.023,0.03,39,52.0833,Parus,Paridae,Passeriformes,Ave
144,Carpodacus mexicanus,V,Endo,0.023,NA,971,46.8607,Carpodacus,Fringillidae,Passeriformes,Ave
158,Parus major,V,Endo,0.024,0.035,39,52.0833,Parus,Paridae,Passeriformes,Ave
67,Ovis aries,V,Endo,0.024,0.019,121,57.814,Ovis,Bovidae,Artiodactyla,Mammalia
158,Parus major,V,Endo,0.024,0.056,10,51.641,Parus,Paridae,Passeriformes,Ave
158,Parus major,V,Endo,0.024,0.051,10,51.641,Parus,Paridae,Passeriformes,Ave
158,Parus major,V,Endo,0.025,0.035,-2,53.2833,Parus,Paridae,Passeriformes,Ave
158,Parus major,V,Endo,0.027,0.061,10,51.641,Parus,Paridae,Passeriformes,Ave
158,Parus major,V,Endo,0.027,0.038,-2,53.2833,Parus,Paridae,Passeriformes,Ave
61,Negaprion brevirostris,V,Ecto,0.029,NA,8,25.745,Negaprion,Carcharhinidae,Elasmobranchii,Chondrichthyes
67,Ovis aries,V,Endo,0.029,0.017,121,57.814,Ovis,Bovidae,Artiodactyla,Mammalia
11,Calopteryx splendens,I,Ecto,0.029132,NA,33,55.6333,Calopteryx,Calopterygidae,Odonata,Insecta
11,Calopteryx splendens,I,Ecto,0.029684,NA,33,55.6333,Calopteryx,Calopterygidae,Odonata,Insecta
75,Salmo salar,V,Ecto,0.03,NA,124,42.4167,Salmo,Salmonidae,Salmoniformes,Actinopterygii
75,Salmo salar,V,Ecto,0.03,NA,124,42.4167,Salmo,Salmonidae,Salmoniformes,Actinopterygii
132,Anolis sagrei,V,Ecto,0.03,0.015,-1,23.4833,Anolis,Dactyloidae,Squamata,Reptilia
79,Phasianus colchicus,V,Endo,0.03,NA,17,55.7232,Phasianus,Phasianidae,Galliformes,Ave
79,Phasianus colchicus,V,Endo,0.03,NA,17,55.7232,Phasianus,Phasianidae,Galliformes,Ave
112,Zosterops lateralis chlorocephalus,V,Endo,0.03,0.07,-17,23.4333,Zosterops,Zosteropidae,Passeriformes,Ave
112,Zosterops lateralis chlorocephalus,V,Endo,0.03,0.07,-17,23.4333,Zosterops,Zosteropidae,Passeriformes,Ave
144,Carpodacus mexicanus,V,Endo,0.031,NA,971,46.8607,Carpodacus,Fringillidae,Passeriformes,Ave
158,Parus major,V,Endo,0.031,0.054,10,51.641,Parus,Paridae,Passeriformes,Ave
158,Parus major,V,Endo,0.031,0.061,10,51.641,Parus,Paridae,Passeriformes,Ave
11,Calopteryx splendens,I,Ecto,0.031032,NA,10,55.7,Calopteryx,Calopterygidae,Odonata,Insecta
158,Parus major,V,Endo,0.032,0.036,39,52.0833,Parus,Paridae,Passeriformes,Ave
158,Parus major,V,Endo,0.033,0.025,39,52.0833,Parus,Paridae,Passeriformes,Ave
61,Negaprion brevirostris,V,Ecto,0.0338474,NA,8,25.745,Negaprion,Carcharhinidae,Elasmobranchii,Chondrichthyes
144,Carpodacus mexicanus,V,Endo,0.034,NA,971,46.8607,Carpodacus,Fringillidae,Passeriformes,Ave
158,Parus major,V,Endo,0.035,0.036,39,52.0833,Parus,Paridae,Passeriformes,Ave
144,Carpodacus mexicanus,V,Endo,0.035,NA,971,46.8607,Carpodacus,Fringillidae,Passeriformes,Ave
158,Parus major,V,Endo,0.035,0.06,10,51.641,Parus,Paridae,Passeriformes,Ave
158,Parus major,V,Endo,0.035,0.038,39,52.0833,Parus,Paridae,Passeriformes,Ave
158,Parus major,V,Endo,0.036,0.041,39,52.0833,Parus,Paridae,Passeriformes,Ave
158,Parus major,V,Endo,0.036,0.031,-2,53.2833,Parus,Paridae,Passeriformes,Ave
158,Parus major,V,Endo,0.036,0.032,-2,53.2833,Parus,Paridae,Passeriformes,Ave
15,Parus caeruleus,V,Endo,0.037727526,0.19937037,593,42.55,Parus,Paridae,Passeriformes,Ave
158,Parus major,V,Endo,0.038,0.026,39,52.0833,Parus,Paridae,Passeriformes,Ave
158,Parus major,V,Endo,0.038,0.035,-2,53.2833,Parus,Paridae,Passeriformes,Ave
83,Ovis aries,V,Endo,0.0384,0.0191,121,57.814,Ovis,Bovidae,Artiodactyla,Mammalia
11,Calopteryx splendens,I,Ecto,0.039124,NA,33,55.6333,Calopteryx,Calopterygidae,Odonata,Insecta
61,Negaprion brevirostris,V,Ecto,0.04,NA,8,25.745,Negaprion,Carcharhinidae,Elasmobranchii,Chondrichthyes
132,Anolis sagrei,V,Ecto,0.04,0.12,-1,23.4833,Anolis,Dactyloidae,Squamata,Reptilia
158,Parus major,V,Endo,0.04,0.038,-2,53.2833,Parus,Paridae,Passeriformes,Ave
144,Carpodacus mexicanus,V,Endo,0.043,NA,971,46.8607,Carpodacus,Fringillidae,Passeriformes,Ave
158,Parus major,V,Endo,0.043,0.055,10,51.641,Parus,Paridae,Passeriformes,Ave
158,Parus major,V,Endo,0.043,0.052,10,51.641,Parus,Paridae,Passeriformes,Ave
83,Ovis aries,V,Endo,0.0434,0.0181,121,57.814,Ovis,Bovidae,Artiodactyla,Mammalia
93,Psilocorsis quercicella,I,Ecto,0.044,0.01,184,39.0369,Psilocorsis,Depressariidae,Lepidoptera,Insecta
158,Parus major,V,Endo,0.045,0.031,-2,53.2833,Parus,Paridae,Passeriformes,Ave
158,Parus major,V,Endo,0.046,0.028,39,52.0833,Parus,Paridae,Passeriformes,Ave
158,Parus major,V,Endo,0.046,0.116,10,51.641,Parus,Paridae,Passeriformes,Ave
11,Calopteryx splendens,I,Ecto,0.046468,NA,33,55.6333,Calopteryx,Calopterygidae,Odonata,Insecta
158,Parus major,V,Endo,0.047,0.03,-2,53.2833,Parus,Paridae,Passeriformes,Ave
11,Calopteryx splendens,I,Ecto,0.047668,NA,10,55.7,Calopteryx,Calopterygidae,Odonata,Insecta
158,Parus major,V,Endo,0.048,0.027,39,52.0833,Parus,Paridae,Passeriformes,Ave
158,Parus major,V,Endo,0.048,0.035,-2,53.2833,Parus,Paridae,Passeriformes,Ave
144,Carpodacus mexicanus,V,Endo,0.049,NA,971,46.8607,Carpodacus,Fringillidae,Passeriformes,Ave
158,Parus major,V,Endo,0.049,0.038,-2,53.2833,Parus,Paridae,Passeriformes,Ave
75,Salmo salar,V,Ecto,0.05,NA,124,42.4167,Salmo,Salmonidae,Salmoniformes,Actinopterygii
158,Parus major,V,Endo,0.05,0.025,39,52.0833,Parus,Paridae,Passeriformes,Ave
158,Parus major,V,Endo,0.051,0.053,10,51.641,Parus,Paridae,Passeriformes,Ave
158,Parus major,V,Endo,0.051,0.053,10,51.641,Parus,Paridae,Passeriformes,Ave
158,Parus major,V,Endo,0.051,0.047,-2,53.2833,Parus,Paridae,Passeriformes,Ave
158,Parus major,V,Endo,0.054,0.03,-2,53.2833,Parus,Paridae,Passeriformes,Ave
158,Parus major,V,Endo,0.055,0.035,39,52.0833,Parus,Paridae,Passeriformes,Ave
158,Parus major,V,Endo,0.055,0.042,-2,53.2833,Parus,Paridae,Passeriformes,Ave
93,Psilocorsis quercicella,I,Ecto,0.056,0.096,184,39.0369,Psilocorsis,Depressariidae,Lepidoptera,Insecta
158,Parus major,V,Endo,0.056,0.032,-2,53.2833,Parus,Paridae,Passeriformes,Ave
11,Calopteryx splendens,I,Ecto,0.056529,NA,33,55.6333,Calopteryx,Calopterygidae,Odonata,Insecta
15,Parus caeruleus,V,Endo,0.056992962,0.10848723,593,42.55,Parus,Paridae,Passeriformes,Ave
158,Parus major,V,Endo,0.057,0.06,10,51.641,Parus,Paridae,Passeriformes,Ave
51,Poecilia reticulata,V,Ecto,0.06,NA,88,10.4606,Poecilia,Poecilidae,Cyprinodontiformes,Actinopterygii
64,Ficedula albicollis,V,Endo,0.06,0.071,26,57.1667,Ficedula,Muscicapidae,Passeriformes,Ave
158,Parus major,V,Endo,0.06,0.031,-2,53.2833,Parus,Paridae,Passeriformes,Ave
79,Phasianus colchicus,V,Endo,0.06,NA,17,55.7232,Phasianus,Phasianidae,Galliformes,Ave
112,Zosterops lateralis chlorocephalus,V,Endo,0.06,0.06,-17,23.4333,Zosterops,Zosteropidae,Passeriformes,Ave
74,Oncorhynchus nerka,V,Ecto,0.061,0.022,19,59.3217,Oncorhynchus,Salmonidae,Salmoniformes,Actinopterygii
158,Parus major,V,Endo,0.062,0.084,10,51.641,Parus,Paridae,Passeriformes,Ave
15,Parus caeruleus,V,Endo,0.062463034,0.17362483,232,43.6667,Parus,Paridae,Passeriformes,Ave
37,Stegastes partitus,V,Ecto,0.063,0.052,0,23.6725,Stegastes,Pomacentridae,Blenniformes,Actinopterygii
158,Parus major,V,Endo,0.064,0.06,10,51.641,Parus,Paridae,Passeriformes,Ave
119,Aquarius remigis,I,Ecto,0.065,NA,31,45.5167,Aquarius,Gerridae,Hemiptera,Insecta
158,Parus major,V,Endo,0.065,0.05,-2,53.2833,Parus,Paridae,Passeriformes,Ave
158,Parus major,V,Endo,0.065,0.05,-2,53.2833,Parus,Paridae,Passeriformes,Ave
158,Parus major,V,Endo,0.065,0.034,-2,53.2833,Parus,Paridae,Passeriformes,Ave
15,Parus caeruleus,V,Endo,0.065809118,0.43330832,232,43.6667,Parus,Paridae,Passeriformes,Ave
158,Parus major,V,Endo,0.066,0.036,-2,53.2833,Parus,Paridae,Passeriformes,Ave
67,Ovis aries,V,Endo,0.067,0.128,121,57.814,Ovis,Bovidae,Artiodactyla,Mammalia
158,Parus major,V,Endo,0.069,0.057,10,51.641,Parus,Paridae,Passeriformes,Ave
158,Parus major,V,Endo,0.069,0.035,39,52.0833,Parus,Paridae,Passeriformes,Ave
158,Parus major,V,Endo,0.071,0.041,39,52.0833,Parus,Paridae,Passeriformes,Ave
158,Parus major,V,Endo,0.071,0.043,-2,53.2833,Parus,Paridae,Passeriformes,Ave
61,Negaprion brevirostris,V,Ecto,0.073,NA,8,25.745,Negaprion,Carcharhinidae,Elasmobranchii,Chondrichthyes
83,Ovis aries,V,Endo,0.0733,0.0292,121,57.814,Ovis,Bovidae,Artiodactyla,Mammalia
158,Parus major,V,Endo,0.074,0.036,39,52.0833,Parus,Paridae,Passeriformes,Ave
67,Ovis aries,V,Endo,0.075,0.026,121,57.814,Ovis,Bovidae,Artiodactyla,Mammalia
158,Parus major,V,Endo,0.076,0.041,-2,53.2833,Parus,Paridae,Passeriformes,Ave
11,Calopteryx splendens,I,Ecto,0.076229,NA,10,55.7,Calopteryx,Calopterygidae,Odonata,Insecta
83,Ovis aries,V,Endo,0.0765,0.0308,121,57.814,Ovis,Bovidae,Artiodactyla,Mammalia
36,Parus major,V,Endo,0.078,0.042,113,51.7773,Parus,Paridae,Passeriformes,Ave
158,Parus major,V,Endo,0.079,0.076,10,51.641,Parus,Paridae,Passeriformes,Ave
112,Zosterops lateralis chlorocephalus,V,Endo,0.08,0.09,-17,23.4333,Zosterops,Zosteropidae,Passeriformes,Ave
158,Parus major,V,Endo,0.082,0.056,10,51.641,Parus,Paridae,Passeriformes,Ave
158,Parus major,V,Endo,0.084,0.039,-2,53.2833,Parus,Paridae,Passeriformes,Ave
15,Parus caeruleus,V,Endo,0.085026117,0.32691836,593,42.55,Parus,Paridae,Passeriformes,Ave
158,Parus major,V,Endo,0.087,0.031,-2,53.2833,Parus,Paridae,Passeriformes,Ave
75,Salmo salar,V,Ecto,0.09,NA,124,42.4167,Salmo,Salmonidae,Salmoniformes,Actinopterygii
67,Ovis aries,V,Endo,0.091,0.047,121,57.814,Ovis,Bovidae,Artiodactyla,Mammalia
158,Parus major,V,Endo,0.091,0.035,-2,53.2833,Parus,Paridae,Passeriformes,Ave
158,Parus major,V,Endo,0.092,0.035,-2,53.2833,Parus,Paridae,Passeriformes,Ave
64,Ficedula albicollis,V,Endo,0.093,0.072,26,57.1667,Ficedula,Muscicapidae,Passeriformes,Ave
11,Calopteryx splendens,I,Ecto,0.097836,NA,10,55.7,Calopteryx,Calopterygidae,Odonata,Insecta
51,Poecilia reticulata,V,Ecto,0.1,NA,88,10.4606,Poecilia,Poecilidae,Cyprinodontiformes,Actinopterygii
144,Carpodacus mexicanus,V,Endo,0.102,NA,971,46.8607,Carpodacus,Fringillidae,Passeriformes,Ave
11,Calopteryx splendens,I,Ecto,0.102519,NA,33,55.6333,Calopteryx,Calopterygidae,Odonata,Insecta
158,Parus major,V,Endo,0.104,0.056,10,51.641,Parus,Paridae,Passeriformes,Ave
64,Ficedula albicollis,V,Endo,0.106,0.066,26,57.1667,Ficedula,Muscicapidae,Passeriformes,Ave
83,Ovis aries,V,Endo,0.1093,0.0233,121,57.814,Ovis,Bovidae,Artiodactyla,Mammalia
11,Calopteryx splendens,I,Ecto,0.109458,NA,10,55.7,Calopteryx,Calopterygidae,Odonata,Insecta
73,Lacerta agilis,V,Ecto,0.111,0.507,5,57.3947,Lacerta,Laceratidae,Squamata,Reptilia
67,Ovis aries,V,Endo,0.114,0.037,121,57.814,Ovis,Bovidae,Artiodactyla,Mammalia
158,Parus major,V,Endo,0.114,0.032,-2,53.2833,Parus,Paridae,Passeriformes,Ave
15,Parus caeruleus,V,Endo,0.114321351,0.17369939,593,42.55,Parus,Paridae,Passeriformes,Ave
11,Calopteryx splendens,I,Ecto,0.116754,NA,33,55.6333,Calopteryx,Calopterygidae,Odonata,Insecta
67,Ovis aries,V,Endo,0.117,0.063,121,57.814,Ovis,Bovidae,Artiodactyla,Mammalia
15,Parus caeruleus,V,Endo,0.117496208,0.43465373,29,42.5667,Parus,Paridae,Passeriformes,Ave
15,Parus caeruleus,V,Endo,0.117628875,0.32669232,593,42.55,Parus,Paridae,Passeriformes,Ave
144,Carpodacus mexicanus,V,Endo,0.118,NA,971,46.8607,Carpodacus,Fringillidae,Passeriformes,Ave
64,Ficedula albicollis,V,Endo,0.119,0.063,26,57.1667,Ficedula,Muscicapidae,Passeriformes,Ave
15,Parus caeruleus,V,Endo,0.125487929,0.33358189,593,42.55,Parus,Paridae,Passeriformes,Ave
93,Psilocorsis quercicella,I,Ecto,0.127,0.018,184,39.0369,Psilocorsis,Depressariidae,Lepidoptera,Insecta
158,Parus major,V,Endo,0.129,0.051,39,52.0833,Parus,Paridae,Passeriformes,Ave
75,Salmo salar,V,Ecto,0.13,NA,124,42.4167,Salmo,Salmonidae,Salmoniformes,Actinopterygii
101,Zosterops lateralis chlorocephalus,V,Endo,0.131,NA,-17,23.4333,Zosterops,Zosteropidae,Passeriformes,Ave
158,Parus major,V,Endo,0.135,0.076,10,51.641,Parus,Paridae,Passeriformes,Ave
67,Ovis aries,V,Endo,0.137,0.133,121,57.814,Ovis,Bovidae,Artiodactyla,Mammalia
150,Chrysemys picta,V,Ecto,0.14,0.473,184,41.9586,Chrysemys,Emydidae,Testudines,Reptilia
11,Calopteryx splendens,I,Ecto,0.140143,NA,33,55.6333,Calopteryx,Calopterygidae,Odonata,Insecta
61,Negaprion brevirostris,V,Ecto,0.141723,NA,8,25.745,Negaprion,Carcharhinidae,Elasmobranchii,Chondrichthyes
83,Ovis aries,V,Endo,0.1419,0.0341,121,57.814,Ovis,Bovidae,Artiodactyla,Mammalia
37,Stegastes partitus,V,Ecto,0.145,0.05,-24,23.7429,Stegastes,Pomacentridae,Blenniformes,Actinopterygii
83,Ovis aries,V,Endo,0.1491,0.033,121,57.814,Ovis,Bovidae,Artiodactyla,Mammalia
67,Ovis aries,V,Endo,0.15,0.18,121,57.814,Ovis,Bovidae,Artiodactyla,Mammalia
51,Poecilia reticulata,V,Ecto,0.15,NA,88,10.4606,Poecilia,Poecilidae,Cyprinodontiformes,Actinopterygii
11,Calopteryx splendens,I,Ecto,0.153125,NA,33,55.6333,Calopteryx,Calopterygidae,Odonata,Insecta
15,Parus caeruleus,V,Endo,0.157813437,0.33280232,29,42.5667,Parus,Paridae,Passeriformes,Ave
158,Parus major,V,Endo,0.16,0.085,10,51.641,Parus,Paridae,Passeriformes,Ave
112,Zosterops lateralis chlorocephalus,V,Endo,0.16,0.07,-17,23.4333,Zosterops,Zosteropidae,Passeriformes,Ave
158,Parus major,V,Endo,0.164,0.054,10,51.641,Parus,Paridae,Passeriformes,Ave
158,Parus major,V,Endo,0.164,0.034,39,52.0833,Parus,Paridae,Passeriformes,Ave
158,Parus major,V,Endo,0.166,0.089,10,51.641,Parus,Paridae,Passeriformes,Ave
83,Ovis aries,V,Endo,0.1675,0.0317,121,57.814,Ovis,Bovidae,Artiodactyla,Mammalia
83,Ovis aries,V,Endo,0.1675,0.0288,121,57.814,Ovis,Bovidae,Artiodactyla,Mammalia
67,Ovis aries,V,Endo,0.169,0.069,121,57.814,Ovis,Bovidae,Artiodactyla,Mammalia
158,Parus major,V,Endo,0.169,0.055,10,51.641,Parus,Paridae,Passeriformes,Ave
64,Ficedula albicollis,V,Endo,0.17,0.11,26,57.1667,Ficedula,Muscicapidae,Passeriformes,Ave
15,Parus caeruleus,V,Endo,0.170191358,0.20053371,593,42.55,Parus,Paridae,Passeriformes,Ave
83,Ovis aries,V,Endo,0.1737,0.0314,121,57.814,Ovis,Bovidae,Artiodactyla,Mammalia
11,Calopteryx splendens,I,Ecto,0.177147,NA,33,55.6333,Calopteryx,Calopterygidae,Odonata,Insecta
83,Ovis aries,V,Endo,0.1782,0.0381,121,57.814,Ovis,Bovidae,Artiodactyla,Mammalia
112,Zosterops lateralis chlorocephalus,V,Endo,0.18,0.06,-17,23.4333,Zosterops,Zosteropidae,Passeriformes,Ave
158,Parus major,V,Endo,0.184,0.134,39,52.0833,Parus,Paridae,Passeriformes,Ave
15,Parus caeruleus,V,Endo,0.192143385,0.24575099,232,43.6667,Parus,Paridae,Passeriformes,Ave
15,Parus caeruleus,V,Endo,0.199318326,0.28016233,593,42.55,Parus,Paridae,Passeriformes,Ave
64,Ficedula albicollis,V,Endo,0.202,0.068,26,57.1667,Ficedula,Muscicapidae,Passeriformes,Ave
11,Calopteryx splendens,I,Ecto,0.202397,NA,33,55.6333,Calopteryx,Calopterygidae,Odonata,Insecta
15,Parus caeruleus,V,Endo,0.203348995,0.40484303,232,43.6667,Parus,Paridae,Passeriformes,Ave
64,Ficedula albicollis,V,Endo,0.206,0.116,26,57.1667,Ficedula,Muscicapidae,Passeriformes,Ave
79,Phasianus colchicus,V,Endo,0.21,NA,17,55.7232,Phasianus,Phasianidae,Galliformes,Ave
83,Ovis aries,V,Endo,0.2103,0.0347,121,57.814,Ovis,Bovidae,Artiodactyla,Mammalia
64,Ficedula albicollis,V,Endo,0.211,0.097,26,57.1667,Ficedula,Muscicapidae,Passeriformes,Ave
15,Parus caeruleus,V,Endo,0.211055876,0.20573762,232,43.6667,Parus,Paridae,Passeriformes,Ave
83,Ovis aries,V,Endo,0.2114,0.0336,121,57.814,Ovis,Bovidae,Artiodactyla,Mammalia
67,Ovis aries,V,Endo,0.214,0.163,121,57.814,Ovis,Bovidae,Artiodactyla,Mammalia
15,Parus caeruleus,V,Endo,0.215026664,0.23219362,232,43.6667,Parus,Paridae,Passeriformes,Ave
150,Chrysemys picta,V,Ecto,0.222,0.159,184,41.9586,Chrysemys,Emydidae,Testudines,Reptilia
11,Calopteryx splendens,I,Ecto,0.222877,NA,33,55.6333,Calopteryx,Calopterygidae,Odonata,Insecta
67,Ovis aries,V,Endo,0.224,0.372,121,57.814,Ovis,Bovidae,Artiodactyla,Mammalia
150,Chrysemys picta,V,Ecto,0.227,0.041,184,41.9586,Chrysemys,Emydidae,Testudines,Reptilia
64,Ficedula albicollis,V,Endo,0.233,0.069,26,57.1667,Ficedula,Muscicapidae,Passeriformes,Ave
15,Parus caeruleus,V,Endo,0.236961024,0.41566047,29,42.5667,Parus,Paridae,Passeriformes,Ave
150,Chrysemys picta,V,Ecto,0.239,0.145,184,41.9586,Chrysemys,Emydidae,Testudines,Reptilia
67,Ovis aries,V,Endo,0.244,0.197,121,57.814,Ovis,Bovidae,Artiodactyla,Mammalia
101,Zosterops lateralis chlorocephalus,V,Endo,0.248,NA,-17,23.4333,Zosterops,Zosteropidae,Passeriformes,Ave
37,Stegastes partitus,V,Ecto,0.251,0.052,-30,23.7903,Stegastes,Pomacentridae,Blenniformes,Actinopterygii
15,Parus caeruleus,V,Endo,0.268817694,0.41649519,29,42.5667,Parus,Paridae,Passeriformes,Ave
11,Calopteryx splendens,I,Ecto,0.273097,NA,10,55.7,Calopteryx,Calopterygidae,Odonata,Insecta
79,Phasianus colchicus,V,Endo,0.29,NA,17,55.7232,Phasianus,Phasianidae,Galliformes,Ave
64,Ficedula albicollis,V,Endo,0.292,0.091,26,57.1667,Ficedula,Muscicapidae,Passeriformes,Ave
64,Ficedula albicollis,V,Endo,0.296,0.081,26,57.1667,Ficedula,Muscicapidae,Passeriformes,Ave
61,Negaprion brevirostris,V,Ecto,0.299335,NA,8,25.745,Negaprion,Carcharhinidae,Elasmobranchii,Chondrichthyes
64,Ficedula albicollis,V,Endo,0.304,0.108,26,57.1667,Ficedula,Muscicapidae,Passeriformes,Ave
79,Phasianus colchicus,V,Endo,0.32,NA,17,55.7232,Phasianus,Phasianidae,Galliformes,Ave
112,Zosterops lateralis chlorocephalus,V,Endo,0.32,0.2,-17,23.4333,Zosterops,Zosteropidae,Passeriformes,Ave
64,Ficedula albicollis,V,Endo,0.323,0.115,26,57.1667,Ficedula,Muscicapidae,Passeriformes,Ave
79,Phasianus colchicus,V,Endo,0.34,NA,17,55.7232,Phasianus,Phasianidae,Galliformes,Ave
64,Ficedula albicollis,V,Endo,0.352,0.187,26,57.1667,Ficedula,Muscicapidae,Passeriformes,Ave
83,Ovis aries,V,Endo,0.3537,0.0535,121,57.814,Ovis,Bovidae,Artiodactyla,Mammalia
83,Ovis aries,V,Endo,0.36,0.0656,121,57.814,Ovis,Bovidae,Artiodactyla,Mammalia
64,Ficedula albicollis,V,Endo,0.36,0.078,26,57.1667,Ficedula,Muscicapidae,Passeriformes,Ave
15,Parus caeruleus,V,Endo,0.364413926,0.31023554,29,42.5667,Parus,Paridae,Passeriformes,Ave
83,Ovis aries,V,Endo,0.3764,0.0549,121,57.814,Ovis,Bovidae,Artiodactyla,Mammalia
83,Ovis aries,V,Endo,0.3773,0.083,121,57.814,Ovis,Bovidae,Artiodactyla,Mammalia
79,Phasianus colchicus,V,Endo,0.38,NA,17,55.7232,Phasianus,Phasianidae,Galliformes,Ave
64,Ficedula albicollis,V,Endo,0.392,0.092,26,57.1667,Ficedula,Muscicapidae,Passeriformes,Ave
15,Parus caeruleus,V,Endo,0.400724267,0.36490733,29,42.5667,Parus,Paridae,Passeriformes,Ave
15,Parus caeruleus,V,Endo,0.406236406,0.65875748,29,42.5667,Parus,Paridae,Passeriformes,Ave
15,Parus caeruleus,V,Endo,0.407573682,0.21049808,232,43.6667,Parus,Paridae,Passeriformes,Ave
79,Phasianus colchicus,V,Endo,0.41,NA,17,55.7232,Phasianus,Phasianidae,Galliformes,Ave
15,Parus caeruleus,V,Endo,0.411466875,0.15625373,232,43.6667,Parus,Paridae,Passeriformes,Ave
83,Ovis aries,V,Endo,0.4364,0.0525,121,57.814,Ovis,Bovidae,Artiodactyla,Mammalia
15,Parus caeruleus,V,Endo,0.439252574,0.17607498,232,43.6667,Parus,Paridae,Passeriformes,Ave
15,Parus caeruleus,V,Endo,0.443829345,0.20349114,232,43.6667,Parus,Paridae,Passeriformes,Ave
15,Parus caeruleus,V,Endo,0.456244413,0.30693615,232,43.6667,Parus,Paridae,Passeriformes,Ave
15,Parus caeruleus,V,Endo,0.461509356,0.35287791,29,42.5667,Parus,Paridae,Passeriformes,Ave
73,Lacerta agilis,V,Ecto,0.465,0.368,5,57.3947,Lacerta,Laceratidae,Squamata,Reptilia
15,Parus caeruleus,V,Endo,0.471961438,0.44449167,232,43.6667,Parus,Paridae,Passeriformes,Ave
15,Parus caeruleus,V,Endo,0.472905376,0.35811593,29,42.5667,Parus,Paridae,Passeriformes,Ave
15,Parus caeruleus,V,Endo,0.491052927,0.54524677,593,42.55,Parus,Paridae,Passeriformes,Ave
73,Lacerta agilis,V,Ecto,0.492,0.516,5,57.3947,Lacerta,Laceratidae,Squamata,Reptilia
83,Ovis aries,V,Endo,0.5292,0.0637,121,57.814,Ovis,Bovidae,Artiodactyla,Mammalia
15,Parus caeruleus,V,Endo,0.530603121,0.32265597,29,42.5667,Parus,Paridae,Passeriformes,Ave
15,Parus caeruleus,V,Endo,0.538158964,0.28617616,29,42.5667,Parus,Paridae,Passeriformes,Ave
15,Parus caeruleus,V,Endo,0.547515493,0.3945694,232,43.6667,Parus,Paridae,Passeriformes,Ave
73,Lacerta agilis,V,Ecto,0.569,0.309,5,57.3947,Lacerta,Laceratidae,Squamata,Reptilia
15,Parus caeruleus,V,Endo,0.574041341,0.33576417,232,43.6667,Parus,Paridae,Passeriformes,Ave
67,Ovis aries,V,Endo,0.598,0.152,121,57.814,Ovis,Bovidae,Artiodactyla,Mammalia
67,Ovis aries,V,Endo,0.608,0.176,121,57.814,Ovis,Bovidae,Artiodactyla,Mammalia
73,Lacerta agilis,V,Ecto,0.624,0.257,5,57.3947,Lacerta,Laceratidae,Squamata,Reptilia
67,Ovis aries,V,Endo,0.653,0.339,121,57.814,Ovis,Bovidae,Artiodactyla,Mammalia
150,Chrysemys picta,V,Ecto,0.768,0.05,184,41.9586,Chrysemys,Emydidae,Testudines,Reptilia
15,Parus caeruleus,V,Endo,0.883344416,0.41274833,232,43.6667,Parus,Paridae,Passeriformes,Ave
15,Parus caeruleus,V,Endo,0.931262018,1.21303204,29,42.5667,Parus,Paridae,Passeriformes,Ave
15,Parus caeruleus,V,Endo,1.199582406,0.85969727,29,42.5667,Parus,Paridae,Passeriformes,Ave
15,Parus caeruleus,V,Endo,1.79032751,2.11151405,29,42.5667,Parus,Paridae,Passeriformes,Ave
15,Parus caeruleus,V,Endo,3.796211811,4.93019727,29,42.5667,Parus,Paridae,Passeriformes,Ave
119,Aquarius remigis,I,Ecto,-0.135,NA,31,45.5167,Aquarius,Gerridae,Hemiptera,Insecta
119,Aquarius remigis,I,Ecto,-0.279,NA,31,45.5167,Aquarius,Gerridae,Hemiptera,Insecta
14,Aquarius remigis,I,Ecto,0.01,NA,167,45.5405,Aquarius,Gerridae,Hemiptera,Insecta
14,Aquarius remigis,I,Ecto,0.07,NA,167,45.5405,Aquarius,Gerridae,Hemiptera,Insecta
14,Aquarius remigis,I,Ecto,-0.3,NA,167,45.5405,Aquarius,Gerridae,Hemiptera,Insecta
14,Aquarius remigis,I,Ecto,0.04,NA,167,45.5405,Aquarius,Gerridae,Hemiptera,Insecta
14,Aquarius remigis,I,Ecto,0.1,NA,190,45.5444,Aquarius,Gerridae,Hemiptera,Insecta
14,Aquarius remigis,I,Ecto,-0.03,NA,190,45.5444,Aquarius,Gerridae,Hemiptera,Insecta
14,Aquarius remigis,I,Ecto,0.28,NA,190,45.5444,Aquarius,Gerridae,Hemiptera,Insecta
14,Aquarius remigis,I,Ecto,0.12,NA,190,45.5444,Aquarius,Gerridae,Hemiptera,Insecta
28,Calopteryx splendens,I,Ecto,-0.06,NA,10,55.7,Calopteryx,Calopterygidae,Odonata,Insecta
23,Carpodacus mexicanus,V,Endo,-0.13,NA,201,32.6042,Carpodacus,Fringillidae,Passeriformes,Ave
23,Carpodacus mexicanus,V,Endo,-0.27,NA,201,32.6042,Carpodacus,Fringillidae,Passeriformes,Ave
23,Carpodacus mexicanus,V,Endo,0,NA,268,42.2791,Carpodacus,Fringillidae,Passeriformes,Ave
23,Carpodacus mexicanus,V,Endo,0.13,NA,268,42.2791,Carpodacus,Fringillidae,Passeriformes,Ave
23,Carpodacus mexicanus,V,Endo,-0.08,NA,1834,48.8573,Carpodacus,Fringillidae,Passeriformes,Ave
23,Carpodacus mexicanus,V,Endo,-0.1,NA,1834,48.8573,Carpodacus,Fringillidae,Passeriformes,Ave
107,Cervus elaphus,V,Endo,0.76019,NA,272,57.0033,Cervus,Cervidae,Artiodactyla,Mammalia
107,Cervus elaphus,V,Endo,-0.0244,NA,272,57.0033,Cervus,Cervidae,Artiodactyla,Mammalia
107,Cervus elaphus,V,Endo,0.48565,NA,272,57.0033,Cervus,Cervidae,Artiodactyla,Mammalia
107,Cervus elaphus,V,Endo,0.07063,NA,272,57.0033,Cervus,Cervidae,Artiodactyla,Mammalia
107,Cervus elaphus,V,Endo,-0.06525,NA,272,57.0033,Cervus,Cervidae,Artiodactyla,Mammalia
107,Cervus elaphus,V,Endo,0.48922,NA,272,57.0033,Cervus,Cervidae,Artiodactyla,Mammalia
107,Cervus elaphus,V,Endo,0.31013,NA,272,57.0033,Cervus,Cervidae,Artiodactyla,Mammalia
107,Cervus elaphus,V,Endo,0.18342,NA,272,57.0033,Cervus,Cervidae,Artiodactyla,Mammalia
107,Cervus elaphus,V,Endo,0.06241,NA,272,57.0033,Cervus,Cervidae,Artiodactyla,Mammalia
107,Cervus elaphus,V,Endo,0.10063,NA,272,57.0033,Cervus,Cervidae,Artiodactyla,Mammalia
107,Cervus elaphus,V,Endo,0.4702,NA,272,57.0033,Cervus,Cervidae,Artiodactyla,Mammalia
107,Cervus elaphus,V,Endo,0.32635,NA,272,57.0033,Cervus,Cervidae,Artiodactyla,Mammalia
107,Cervus elaphus,V,Endo,0.16288,NA,272,57.0033,Cervus,Cervidae,Artiodactyla,Mammalia
107,Cervus elaphus,V,Endo,0.08333,NA,272,57.0033,Cervus,Cervidae,Artiodactyla,Mammalia
107,Cervus elaphus,V,Endo,0.2065,NA,272,57.0033,Cervus,Cervidae,Artiodactyla,Mammalia
107,Cervus elaphus,V,Endo,0.33595,NA,272,57.0033,Cervus,Cervidae,Artiodactyla,Mammalia
107,Cervus elaphus,V,Endo,0.13048,NA,272,57.0033,Cervus,Cervidae,Artiodactyla,Mammalia
107,Cervus elaphus,V,Endo,-0.0678,NA,272,57.0033,Cervus,Cervidae,Artiodactyla,Mammalia
107,Cervus elaphus,V,Endo,0.24757,NA,272,57.0033,Cervus,Cervidae,Artiodactyla,Mammalia
107,Cervus elaphus,V,Endo,0.29333,NA,272,57.0033,Cervus,Cervidae,Artiodactyla,Mammalia
107,Cervus elaphus,V,Endo,0.33265,NA,272,57.0033,Cervus,Cervidae,Artiodactyla,Mammalia
107,Cervus elaphus,V,Endo,0.17246,NA,272,57.0033,Cervus,Cervidae,Artiodactyla,Mammalia
107,Cervus elaphus,V,Endo,0.23778,NA,272,57.0033,Cervus,Cervidae,Artiodactyla,Mammalia
107,Cervus elaphus,V,Endo,0.1484,NA,272,57.0033,Cervus,Cervidae,Artiodactyla,Mammalia
107,Cervus elaphus,V,Endo,0.0604,NA,272,57.0033,Cervus,Cervidae,Artiodactyla,Mammalia
107,Cervus elaphus,V,Endo,0,NA,272,57.0033,Cervus,Cervidae,Artiodactyla,Mammalia
107,Cervus elaphus,V,Endo,0,NA,272,57.0033,Cervus,Cervidae,Artiodactyla,Mammalia
107,Cervus elaphus,V,Endo,0.0972,NA,272,57.0033,Cervus,Cervidae,Artiodactyla,Mammalia
107,Cervus elaphus,V,Endo,-0.01453,NA,272,57.0033,Cervus,Cervidae,Artiodactyla,Mammalia
107,Cervus elaphus,V,Endo,0.02855,NA,272,57.0033,Cervus,Cervidae,Artiodactyla,Mammalia
107,Cervus elaphus,V,Endo,-0.19704,NA,272,57.0033,Cervus,Cervidae,Artiodactyla,Mammalia
107,Cervus elaphus,V,Endo,0.05841,NA,272,57.0033,Cervus,Cervidae,Artiodactyla,Mammalia
107,Cervus elaphus,V,Endo,0,NA,272,57.0033,Cervus,Cervidae,Artiodactyla,Mammalia
107,Cervus elaphus,V,Endo,0.03376,NA,272,57.0033,Cervus,Cervidae,Artiodactyla,Mammalia
107,Cervus elaphus,V,Endo,-0.10666,NA,272,57.0033,Cervus,Cervidae,Artiodactyla,Mammalia
107,Cervus elaphus,V,Endo,-0.02945,NA,272,57.0033,Cervus,Cervidae,Artiodactyla,Mammalia
107,Cervus elaphus,V,Endo,0.16492,NA,272,57.0033,Cervus,Cervidae,Artiodactyla,Mammalia
107,Cervus elaphus,V,Endo,0.13631,NA,272,57.0033,Cervus,Cervidae,Artiodactyla,Mammalia
107,Cervus elaphus,V,Endo,0,NA,272,57.0033,Cervus,Cervidae,Artiodactyla,Mammalia
107,Cervus elaphus,V,Endo,-0.05514,NA,272,57.0033,Cervus,Cervidae,Artiodactyla,Mammalia
107,Cervus elaphus,V,Endo,0.15425,NA,272,57.0033,Cervus,Cervidae,Artiodactyla,Mammalia
107,Cervus elaphus,V,Endo,-0.01217,NA,272,57.0033,Cervus,Cervidae,Artiodactyla,Mammalia
107,Cervus elaphus,V,Endo,0,NA,272,57.0033,Cervus,Cervidae,Artiodactyla,Mammalia
107,Cervus elaphus,V,Endo,0.11975,NA,272,57.0033,Cervus,Cervidae,Artiodactyla,Mammalia
107,Cervus elaphus,V,Endo,-0.0989,NA,272,57.0033,Cervus,Cervidae,Artiodactyla,Mammalia
107,Cervus elaphus,V,Endo,-0.05658,NA,272,57.0033,Cervus,Cervidae,Artiodactyla,Mammalia
107,Cervus elaphus,V,Endo,0,NA,272,57.0033,Cervus,Cervidae,Artiodactyla,Mammalia
107,Cervus elaphus,V,Endo,0.24324,NA,272,57.0033,Cervus,Cervidae,Artiodactyla,Mammalia
107,Cervus elaphus,V,Endo,0.1715,NA,272,57.0033,Cervus,Cervidae,Artiodactyla,Mammalia
107,Cervus elaphus,V,Endo,0,NA,272,57.0033,Cervus,Cervidae,Artiodactyla,Mammalia
107,Cervus elaphus,V,Endo,0,NA,272,57.0033,Cervus,Cervidae,Artiodactyla,Mammalia
107,Cervus elaphus,V,Endo,0,NA,272,57.0033,Cervus,Cervidae,Artiodactyla,Mammalia
107,Cervus elaphus,V,Endo,0,NA,272,57.0033,Cervus,Cervidae,Artiodactyla,Mammalia
107,Cervus elaphus,V,Endo,-0.1069,NA,272,57.0033,Cervus,Cervidae,Artiodactyla,Mammalia
107,Cervus elaphus,V,Endo,0,NA,272,57.0033,Cervus,Cervidae,Artiodactyla,Mammalia
107,Cervus elaphus,V,Endo,0,NA,272,57.0033,Cervus,Cervidae,Artiodactyla,Mammalia
107,Cervus elaphus,V,Endo,0,NA,272,57.0033,Cervus,Cervidae,Artiodactyla,Mammalia
107,Cervus elaphus,V,Endo,0,NA,272,57.0033,Cervus,Cervidae,Artiodactyla,Mammalia
107,Cervus elaphus,V,Endo,0,NA,272,57.0033,Cervus,Cervidae,Artiodactyla,Mammalia
107,Cervus elaphus,V,Endo,0,NA,272,57.0033,Cervus,Cervidae,Artiodactyla,Mammalia
107,Cervus elaphus,V,Endo,0,NA,272,57.0033,Cervus,Cervidae,Artiodactyla,Mammalia
107,Cervus elaphus,V,Endo,0,NA,272,57.0033,Cervus,Cervidae,Artiodactyla,Mammalia
107,Cervus elaphus,V,Endo,-0.03949,NA,272,57.0033,Cervus,Cervidae,Artiodactyla,Mammalia
107,Cervus elaphus,V,Endo,-0.05427,NA,272,57.0033,Cervus,Cervidae,Artiodactyla,Mammalia
107,Cervus elaphus,V,Endo,0,NA,272,57.0033,Cervus,Cervidae,Artiodactyla,Mammalia
107,Cervus elaphus,V,Endo,0.04959,NA,272,57.0033,Cervus,Cervidae,Artiodactyla,Mammalia
107,Cervus elaphus,V,Endo,0.10902,NA,272,57.0033,Cervus,Cervidae,Artiodactyla,Mammalia
107,Cervus elaphus,V,Endo,0,NA,272,57.0033,Cervus,Cervidae,Artiodactyla,Mammalia
107,Cervus elaphus,V,Endo,0,NA,272,57.0033,Cervus,Cervidae,Artiodactyla,Mammalia
107,Cervus elaphus,V,Endo,0,NA,272,57.0033,Cervus,Cervidae,Artiodactyla,Mammalia
107,Cervus elaphus,V,Endo,0,NA,272,57.0033,Cervus,Cervidae,Artiodactyla,Mammalia
107,Cervus elaphus,V,Endo,0,NA,272,57.0033,Cervus,Cervidae,Artiodactyla,Mammalia
107,Cervus elaphus,V,Endo,0.03202,NA,272,57.0033,Cervus,Cervidae,Artiodactyla,Mammalia
107,Cervus elaphus,V,Endo,-0.03821,NA,272,57.0033,Cervus,Cervidae,Artiodactyla,Mammalia
107,Cervus elaphus,V,Endo,0,NA,272,57.0033,Cervus,Cervidae,Artiodactyla,Mammalia
107,Cervus elaphus,V,Endo,-0.22566,NA,272,57.0033,Cervus,Cervidae,Artiodactyla,Mammalia
107,Cervus elaphus,V,Endo,0,NA,272,57.0033,Cervus,Cervidae,Artiodactyla,Mammalia
107,Cervus elaphus,V,Endo,-0.0363,NA,272,57.0033,Cervus,Cervidae,Artiodactyla,Mammalia
107,Cervus elaphus,V,Endo,0.08989,NA,272,57.0033,Cervus,Cervidae,Artiodactyla,Mammalia
107,Cervus elaphus,V,Endo,0.00195,NA,272,57.0033,Cervus,Cervidae,Artiodactyla,Mammalia
107,Cervus elaphus,V,Endo,0.03002,NA,272,57.0033,Cervus,Cervidae,Artiodactyla,Mammalia
107,Cervus elaphus,V,Endo,0.04942,NA,272,57.0033,Cervus,Cervidae,Artiodactyla,Mammalia
107,Cervus elaphus,V,Endo,-0.02547,NA,272,57.0033,Cervus,Cervidae,Artiodactyla,Mammalia
107,Cervus elaphus,V,Endo,-0.00734,NA,272,57.0033,Cervus,Cervidae,Artiodactyla,Mammalia
107,Cervus elaphus,V,Endo,-0.03318,NA,272,57.0033,Cervus,Cervidae,Artiodactyla,Mammalia
107,Cervus elaphus,V,Endo,-0.02412,NA,272,57.0033,Cervus,Cervidae,Artiodactyla,Mammalia
107,Cervus elaphus,V,Endo,0.0093,NA,272,57.0033,Cervus,Cervidae,Artiodactyla,Mammalia
107,Cervus elaphus,V,Endo,-0.00043,NA,272,57.0033,Cervus,Cervidae,Artiodactyla,Mammalia
107,Cervus elaphus,V,Endo,0,NA,272,57.0033,Cervus,Cervidae,Artiodactyla,Mammalia
107,Cervus elaphus,V,Endo,0.0762,NA,272,57.0033,Cervus,Cervidae,Artiodactyla,Mammalia
107,Cervus elaphus,V,Endo,0.0717,NA,272,57.0033,Cervus,Cervidae,Artiodactyla,Mammalia
107,Cervus elaphus,V,Endo,0.02086,NA,272,57.0033,Cervus,Cervidae,Artiodactyla,Mammalia
107,Cervus elaphus,V,Endo,0,NA,272,57.0033,Cervus,Cervidae,Artiodactyla,Mammalia
107,Cervus elaphus,V,Endo,0,NA,272,57.0033,Cervus,Cervidae,Artiodactyla,Mammalia
107,Cervus elaphus,V,Endo,-0.03187,NA,272,57.0033,Cervus,Cervidae,Artiodactyla,Mammalia
107,Cervus elaphus,V,Endo,-0.05358,NA,272,57.0033,Cervus,Cervidae,Artiodactyla,Mammalia
107,Cervus elaphus,V,Endo,0.00901,NA,272,57.0033,Cervus,Cervidae,Artiodactyla,Mammalia
107,Cervus elaphus,V,Endo,-0.02576,NA,272,57.0033,Cervus,Cervidae,Artiodactyla,Mammalia
107,Cervus elaphus,V,Endo,-0.00629,NA,272,57.0033,Cervus,Cervidae,Artiodactyla,Mammalia
107,Cervus elaphus,V,Endo,-0.01811,NA,272,57.0033,Cervus,Cervidae,Artiodactyla,Mammalia
107,Cervus elaphus,V,Endo,0,NA,272,57.0033,Cervus,Cervidae,Artiodactyla,Mammalia
107,Cervus elaphus,V,Endo,0,NA,272,57.0033,Cervus,Cervidae,Artiodactyla,Mammalia
107,Cervus elaphus,V,Endo,0,NA,272,57.0033,Cervus,Cervidae,Artiodactyla,Mammalia
107,Cervus elaphus,V,Endo,-0.0546,NA,272,57.0033,Cervus,Cervidae,Artiodactyla,Mammalia
107,Cervus elaphus,V,Endo,0.00799,NA,272,57.0033,Cervus,Cervidae,Artiodactyla,Mammalia
107,Cervus elaphus,V,Endo,-0.09575,NA,272,57.0033,Cervus,Cervidae,Artiodactyla,Mammalia
107,Cervus elaphus,V,Endo,0.01493,NA,272,57.0033,Cervus,Cervidae,Artiodactyla,Mammalia
107,Cervus elaphus,V,Endo,0.03633,NA,272,57.0033,Cervus,Cervidae,Artiodactyla,Mammalia
107,Cervus elaphus,V,Endo,0,NA,272,57.0033,Cervus,Cervidae,Artiodactyla,Mammalia
107,Cervus elaphus,V,Endo,-0.03888,NA,272,57.0033,Cervus,Cervidae,Artiodactyla,Mammalia
107,Cervus elaphus,V,Endo,0.00304,NA,272,57.0033,Cervus,Cervidae,Artiodactyla,Mammalia
107,Cervus elaphus,V,Endo,0.04691,NA,272,57.0033,Cervus,Cervidae,Artiodactyla,Mammalia
107,Cervus elaphus,V,Endo,0.02341,NA,272,57.0033,Cervus,Cervidae,Artiodactyla,Mammalia
107,Cervus elaphus,V,Endo,0.09943,NA,272,57.0033,Cervus,Cervidae,Artiodactyla,Mammalia
107,Cervus elaphus,V,Endo,-0.03597,NA,272,57.0033,Cervus,Cervidae,Artiodactyla,Mammalia
107,Cervus elaphus,V,Endo,-0.09271,NA,272,57.0033,Cervus,Cervidae,Artiodactyla,Mammalia
107,Cervus elaphus,V,Endo,-0.02638,NA,272,57.0033,Cervus,Cervidae,Artiodactyla,Mammalia
107,Cervus elaphus,V,Endo,-0.01097,NA,272,57.0033,Cervus,Cervidae,Artiodactyla,Mammalia
107,Cervus elaphus,V,Endo,0.04946,NA,272,57.0033,Cervus,Cervidae,Artiodactyla,Mammalia
107,Cervus elaphus,V,Endo,0.00646,NA,272,57.0033,Cervus,Cervidae,Artiodactyla,Mammalia
107,Cervus elaphus,V,Endo,0.05053,NA,272,57.0033,Cervus,Cervidae,Artiodactyla,Mammalia
107,Cervus elaphus,V,Endo,0.00434,NA,272,57.0033,Cervus,Cervidae,Artiodactyla,Mammalia
107,Cervus elaphus,V,Endo,-0.05521,NA,272,57.0033,Cervus,Cervidae,Artiodactyla,Mammalia
107,Cervus elaphus,V,Endo,0.10193,NA,272,57.0033,Cervus,Cervidae,Artiodactyla,Mammalia
107,Cervus elaphus,V,Endo,-0.04037,NA,272,57.0033,Cervus,Cervidae,Artiodactyla,Mammalia
107,Cervus elaphus,V,Endo,0.00934,NA,272,57.0033,Cervus,Cervidae,Artiodactyla,Mammalia
107,Cervus elaphus,V,Endo,0.03542,NA,272,57.0033,Cervus,Cervidae,Artiodactyla,Mammalia
107,Cervus elaphus,V,Endo,0.15615,NA,272,57.0033,Cervus,Cervidae,Artiodactyla,Mammalia
107,Cervus elaphus,V,Endo,0.14078,NA,272,57.0033,Cervus,Cervidae,Artiodactyla,Mammalia
107,Cervus elaphus,V,Endo,0.68673,NA,272,57.0033,Cervus,Cervidae,Artiodactyla,Mammalia
107,Cervus elaphus,V,Endo,0.58541,NA,272,57.0033,Cervus,Cervidae,Artiodactyla,Mammalia
107,Cervus elaphus,V,Endo,0.4347,NA,272,57.0033,Cervus,Cervidae,Artiodactyla,Mammalia
107,Cervus elaphus,V,Endo,0.27225,NA,272,57.0033,Cervus,Cervidae,Artiodactyla,Mammalia
107,Cervus elaphus,V,Endo,0.1588,NA,272,57.0033,Cervus,Cervidae,Artiodactyla,Mammalia
107,Cervus elaphus,V,Endo,0.29457,NA,272,57.0033,Cervus,Cervidae,Artiodactyla,Mammalia
107,Cervus elaphus,V,Endo,0.36439,NA,272,57.0033,Cervus,Cervidae,Artiodactyla,Mammalia
107,Cervus elaphus,V,Endo,0.31563,NA,272,57.0033,Cervus,Cervidae,Artiodactyla,Mammalia
107,Cervus elaphus,V,Endo,0.05987,NA,272,57.0033,Cervus,Cervidae,Artiodactyla,Mammalia
107,Cervus elaphus,V,Endo,0.31615,NA,272,57.0033,Cervus,Cervidae,Artiodactyla,Mammalia
107,Cervus elaphus,V,Endo,0.39997,NA,272,57.0033,Cervus,Cervidae,Artiodactyla,Mammalia
107,Cervus elaphus,V,Endo,0.30993,NA,272,57.0033,Cervus,Cervidae,Artiodactyla,Mammalia
107,Cervus elaphus,V,Endo,0.58947,NA,272,57.0033,Cervus,Cervidae,Artiodactyla,Mammalia
107,Cervus elaphus,V,Endo,0.11523,NA,272,57.0033,Cervus,Cervidae,Artiodactyla,Mammalia
107,Cervus elaphus,V,Endo,0.40303,NA,272,57.0033,Cervus,Cervidae,Artiodactyla,Mammalia
107,Cervus elaphus,V,Endo,0.14894,NA,272,57.0033,Cervus,Cervidae,Artiodactyla,Mammalia
107,Cervus elaphus,V,Endo,0.1582,NA,272,57.0033,Cervus,Cervidae,Artiodactyla,Mammalia
107,Cervus elaphus,V,Endo,0.15221,NA,272,57.0033,Cervus,Cervidae,Artiodactyla,Mammalia
107,Cervus elaphus,V,Endo,0.08302,NA,272,57.0033,Cervus,Cervidae,Artiodactyla,Mammalia
107,Cervus elaphus,V,Endo,0.33271,NA,272,57.0033,Cervus,Cervidae,Artiodactyla,Mammalia
107,Cervus elaphus,V,Endo,0.11174,NA,272,57.0033,Cervus,Cervidae,Artiodactyla,Mammalia
107,Cervus elaphus,V,Endo,0,NA,272,57.0033,Cervus,Cervidae,Artiodactyla,Mammalia
107,Cervus elaphus,V,Endo,-0.09221,NA,272,57.0033,Cervus,Cervidae,Artiodactyla,Mammalia
107,Cervus elaphus,V,Endo,0.26978,NA,272,57.0033,Cervus,Cervidae,Artiodactyla,Mammalia
107,Cervus elaphus,V,Endo,0.06861,NA,272,57.0033,Cervus,Cervidae,Artiodactyla,Mammalia
107,Cervus elaphus,V,Endo,0.04448,NA,272,57.0033,Cervus,Cervidae,Artiodactyla,Mammalia
107,Cervus elaphus,V,Endo,-0.45345,NA,272,57.0033,Cervus,Cervidae,Artiodactyla,Mammalia
107,Cervus elaphus,V,Endo,0.15468,NA,272,57.0033,Cervus,Cervidae,Artiodactyla,Mammalia
107,Cervus elaphus,V,Endo,0.03094,NA,272,57.0033,Cervus,Cervidae,Artiodactyla,Mammalia
107,Cervus elaphus,V,Endo,0,NA,272,57.0033,Cervus,Cervidae,Artiodactyla,Mammalia
107,Cervus elaphus,V,Endo,0.22565,NA,272,57.0033,Cervus,Cervidae,Artiodactyla,Mammalia
107,Cervus elaphus,V,Endo,0,NA,272,57.0033,Cervus,Cervidae,Artiodactyla,Mammalia
107,Cervus elaphus,V,Endo,0.08977,NA,272,57.0033,Cervus,Cervidae,Artiodactyla,Mammalia
107,Cervus elaphus,V,Endo,0.12812,NA,272,57.0033,Cervus,Cervidae,Artiodactyla,Mammalia
107,Cervus elaphus,V,Endo,0.10445,NA,272,57.0033,Cervus,Cervidae,Artiodactyla,Mammalia
107,Cervus elaphus,V,Endo,0.03685,NA,272,57.0033,Cervus,Cervidae,Artiodactyla,Mammalia
107,Cervus elaphus,V,Endo,0,NA,272,57.0033,Cervus,Cervidae,Artiodactyla,Mammalia
107,Cervus elaphus,V,Endo,0.5713,NA,272,57.0033,Cervus,Cervidae,Artiodactyla,Mammalia
107,Cervus elaphus,V,Endo,0,NA,272,57.0033,Cervus,Cervidae,Artiodactyla,Mammalia
107,Cervus elaphus,V,Endo,0.01963,NA,272,57.0033,Cervus,Cervidae,Artiodactyla,Mammalia
107,Cervus elaphus,V,Endo,0,NA,272,57.0033,Cervus,Cervidae,Artiodactyla,Mammalia
107,Cervus elaphus,V,Endo,0.11637,NA,272,57.0033,Cervus,Cervidae,Artiodactyla,Mammalia
107,Cervus elaphus,V,Endo,-0.01458,NA,272,57.0033,Cervus,Cervidae,Artiodactyla,Mammalia
107,Cervus elaphus,V,Endo,0.08802,NA,272,57.0033,Cervus,Cervidae,Artiodactyla,Mammalia
107,Cervus elaphus,V,Endo,0.19843,NA,272,57.0033,Cervus,Cervidae,Artiodactyla,Mammalia
107,Cervus elaphus,V,Endo,-0.0199,NA,272,57.0033,Cervus,Cervidae,Artiodactyla,Mammalia
107,Cervus elaphus,V,Endo,0,NA,272,57.0033,Cervus,Cervidae,Artiodactyla,Mammalia
107,Cervus elaphus,V,Endo,-0.17666,NA,272,57.0033,Cervus,Cervidae,Artiodactyla,Mammalia
107,Cervus elaphus,V,Endo,0.03989,NA,272,57.0033,Cervus,Cervidae,Artiodactyla,Mammalia
107,Cervus elaphus,V,Endo,0,NA,272,57.0033,Cervus,Cervidae,Artiodactyla,Mammalia
107,Cervus elaphus,V,Endo,0,NA,272,57.0033,Cervus,Cervidae,Artiodactyla,Mammalia
107,Cervus elaphus,V,Endo,0.11378,NA,272,57.0033,Cervus,Cervidae,Artiodactyla,Mammalia
107,Cervus elaphus,V,Endo,0,NA,272,57.0033,Cervus,Cervidae,Artiodactyla,Mammalia
107,Cervus elaphus,V,Endo,0,NA,272,57.0033,Cervus,Cervidae,Artiodactyla,Mammalia
107,Cervus elaphus,V,Endo,0,NA,272,57.0033,Cervus,Cervidae,Artiodactyla,Mammalia
107,Cervus elaphus,V,Endo,0,NA,272,57.0033,Cervus,Cervidae,Artiodactyla,Mammalia
107,Cervus elaphus,V,Endo,0,NA,272,57.0033,Cervus,Cervidae,Artiodactyla,Mammalia
107,Cervus elaphus,V,Endo,0,NA,272,57.0033,Cervus,Cervidae,Artiodactyla,Mammalia
107,Cervus elaphus,V,Endo,0,NA,272,57.0033,Cervus,Cervidae,Artiodactyla,Mammalia
107,Cervus elaphus,V,Endo,0,NA,272,57.0033,Cervus,Cervidae,Artiodactyla,Mammalia
107,Cervus elaphus,V,Endo,0,NA,272,57.0033,Cervus,Cervidae,Artiodactyla,Mammalia
107,Cervus elaphus,V,Endo,0,NA,272,57.0033,Cervus,Cervidae,Artiodactyla,Mammalia
107,Cervus elaphus,V,Endo,0.16369,NA,272,57.0033,Cervus,Cervidae,Artiodactyla,Mammalia
107,Cervus elaphus,V,Endo,0,NA,272,57.0033,Cervus,Cervidae,Artiodactyla,Mammalia
107,Cervus elaphus,V,Endo,0,NA,272,57.0033,Cervus,Cervidae,Artiodactyla,Mammalia
107,Cervus elaphus,V,Endo,0,NA,272,57.0033,Cervus,Cervidae,Artiodactyla,Mammalia
107,Cervus elaphus,V,Endo,0,NA,272,57.0033,Cervus,Cervidae,Artiodactyla,Mammalia
107,Cervus elaphus,V,Endo,-0.02452,NA,272,57.0033,Cervus,Cervidae,Artiodactyla,Mammalia
107,Cervus elaphus,V,Endo,0.04575,NA,272,57.0033,Cervus,Cervidae,Artiodactyla,Mammalia
107,Cervus elaphus,V,Endo,-0.01048,NA,272,57.0033,Cervus,Cervidae,Artiodactyla,Mammalia
107,Cervus elaphus,V,Endo,0.15056,NA,272,57.0033,Cervus,Cervidae,Artiodactyla,Mammalia
107,Cervus elaphus,V,Endo,0,NA,272,57.0033,Cervus,Cervidae,Artiodactyla,Mammalia
107,Cervus elaphus,V,Endo,-0.08654,NA,272,57.0033,Cervus,Cervidae,Artiodactyla,Mammalia
107,Cervus elaphus,V,Endo,-0.01128,NA,272,57.0033,Cervus,Cervidae,Artiodactyla,Mammalia
107,Cervus elaphus,V,Endo,0.00798,NA,272,57.0033,Cervus,Cervidae,Artiodactyla,Mammalia
107,Cervus elaphus,V,Endo,-0.01776,NA,272,57.0033,Cervus,Cervidae,Artiodactyla,Mammalia
107,Cervus elaphus,V,Endo,0.03326,NA,272,57.0033,Cervus,Cervidae,Artiodactyla,Mammalia
107,Cervus elaphus,V,Endo,0,NA,272,57.0033,Cervus,Cervidae,Artiodactyla,Mammalia
107,Cervus elaphus,V,Endo,-0.02101,NA,272,57.0033,Cervus,Cervidae,Artiodactyla,Mammalia
107,Cervus elaphus,V,Endo,-0.0386,NA,272,57.0033,Cervus,Cervidae,Artiodactyla,Mammalia
107,Cervus elaphus,V,Endo,0,NA,272,57.0033,Cervus,Cervidae,Artiodactyla,Mammalia
107,Cervus elaphus,V,Endo,0,NA,272,57.0033,Cervus,Cervidae,Artiodactyla,Mammalia
107,Cervus elaphus,V,Endo,0.01583,NA,272,57.0033,Cervus,Cervidae,Artiodactyla,Mammalia
107,Cervus elaphus,V,Endo,0.05529,NA,272,57.0033,Cervus,Cervidae,Artiodactyla,Mammalia
107,Cervus elaphus,V,Endo,0.01026,NA,272,57.0033,Cervus,Cervidae,Artiodactyla,Mammalia
107,Cervus elaphus,V,Endo,0,NA,272,57.0033,Cervus,Cervidae,Artiodactyla,Mammalia
107,Cervus elaphus,V,Endo,-0.09312,NA,272,57.0033,Cervus,Cervidae,Artiodactyla,Mammalia
107,Cervus elaphus,V,Endo,0.09524,NA,272,57.0033,Cervus,Cervidae,Artiodactyla,Mammalia
107,Cervus elaphus,V,Endo,0,NA,272,57.0033,Cervus,Cervidae,Artiodactyla,Mammalia
107,Cervus elaphus,V,Endo,0,NA,272,57.0033,Cervus,Cervidae,Artiodactyla,Mammalia
107,Cervus elaphus,V,Endo,0.00716,NA,272,57.0033,Cervus,Cervidae,Artiodactyla,Mammalia
107,Cervus elaphus,V,Endo,-0.06672,NA,272,57.0033,Cervus,Cervidae,Artiodactyla,Mammalia
107,Cervus elaphus,V,Endo,0,NA,272,57.0033,Cervus,Cervidae,Artiodactyla,Mammalia
107,Cervus elaphus,V,Endo,0.0405,NA,272,57.0033,Cervus,Cervidae,Artiodactyla,Mammalia
107,Cervus elaphus,V,Endo,0,NA,272,57.0033,Cervus,Cervidae,Artiodactyla,Mammalia
107,Cervus elaphus,V,Endo,-0.11156,NA,272,57.0033,Cervus,Cervidae,Artiodactyla,Mammalia
107,Cervus elaphus,V,Endo,0,NA,272,57.0033,Cervus,Cervidae,Artiodactyla,Mammalia
107,Cervus elaphus,V,Endo,0.59434,NA,272,57.0033,Cervus,Cervidae,Artiodactyla,Mammalia
107,Cervus elaphus,V,Endo,0,NA,272,57.0033,Cervus,Cervidae,Artiodactyla,Mammalia
107,Cervus elaphus,V,Endo,-0.15742,NA,272,57.0033,Cervus,Cervidae,Artiodactyla,Mammalia
107,Cervus elaphus,V,Endo,-0.02767,NA,272,57.0033,Cervus,Cervidae,Artiodactyla,Mammalia
107,Cervus elaphus,V,Endo,-0.24795,NA,272,57.0033,Cervus,Cervidae,Artiodactyla,Mammalia
107,Cervus elaphus,V,Endo,0.06196,NA,272,57.0033,Cervus,Cervidae,Artiodactyla,Mammalia
107,Cervus elaphus,V,Endo,-0.02755,NA,272,57.0033,Cervus,Cervidae,Artiodactyla,Mammalia
107,Cervus elaphus,V,Endo,-0.01107,NA,272,57.0033,Cervus,Cervidae,Artiodactyla,Mammalia
107,Cervus elaphus,V,Endo,-0.07137,NA,272,57.0033,Cervus,Cervidae,Artiodactyla,Mammalia
107,Cervus elaphus,V,Endo,-0.04613,NA,272,57.0033,Cervus,Cervidae,Artiodactyla,Mammalia
107,Cervus elaphus,V,Endo,0.09323,NA,272,57.0033,Cervus,Cervidae,Artiodactyla,Mammalia
107,Cervus elaphus,V,Endo,0.26732,NA,272,57.0033,Cervus,Cervidae,Artiodactyla,Mammalia
107,Cervus elaphus,V,Endo,-0.00753,NA,272,57.0033,Cervus,Cervidae,Artiodactyla,Mammalia
107,Cervus elaphus,V,Endo,0.03331,NA,272,57.0033,Cervus,Cervidae,Artiodactyla,Mammalia
107,Cervus elaphus,V,Endo,-0.00179,NA,272,57.0033,Cervus,Cervidae,Artiodactyla,Mammalia
107,Cervus elaphus,V,Endo,-0.08266,NA,272,57.0033,Cervus,Cervidae,Artiodactyla,Mammalia
107,Cervus elaphus,V,Endo,0.05337,NA,272,57.0033,Cervus,Cervidae,Artiodactyla,Mammalia
107,Cervus elaphus,V,Endo,-0.17722,NA,272,57.0033,Cervus,Cervidae,Artiodactyla,Mammalia
107,Cervus elaphus,V,Endo,0,NA,272,57.0033,Cervus,Cervidae,Artiodactyla,Mammalia
107,Cervus elaphus,V,Endo,-8.00E-05,NA,272,57.0033,Cervus,Cervidae,Artiodactyla,Mammalia
107,Cervus elaphus,V,Endo,0,NA,272,57.0033,Cervus,Cervidae,Artiodactyla,Mammalia
107,Cervus elaphus,V,Endo,-0.04829,NA,272,57.0033,Cervus,Cervidae,Artiodactyla,Mammalia
107,Cervus elaphus,V,Endo,-0.23683,NA,272,57.0033,Cervus,Cervidae,Artiodactyla,Mammalia
107,Cervus elaphus,V,Endo,0,NA,272,57.0033,Cervus,Cervidae,Artiodactyla,Mammalia
152,Cervus elaphus,V,Endo,0.071207305,NA,-11,57.0412,Cervus,Cervidae,Artiodactyla,Mammalia
152,Cervus elaphus,V,Endo,-0.026540087,NA,-11,57.0412,Cervus,Cervidae,Artiodactyla,Mammalia
152,Cervus elaphus,V,Endo,0.133611211,NA,-11,57.0412,Cervus,Cervidae,Artiodactyla,Mammalia
152,Cervus elaphus,V,Endo,-0.01186449,NA,-11,57.0412,Cervus,Cervidae,Artiodactyla,Mammalia
152,Cervus elaphus,V,Endo,0.115111445,NA,-11,57.0412,Cervus,Cervidae,Artiodactyla,Mammalia
152,Cervus elaphus,V,Endo,0.027768772,NA,-11,57.0412,Cervus,Cervidae,Artiodactyla,Mammalia
152,Cervus elaphus,V,Endo,0.000730647,NA,-11,57.0412,Cervus,Cervidae,Artiodactyla,Mammalia
152,Cervus elaphus,V,Endo,0.041665476,NA,-11,57.0412,Cervus,Cervidae,Artiodactyla,Mammalia
152,Cervus elaphus,V,Endo,0.067547753,NA,-11,57.0412,Cervus,Cervidae,Artiodactyla,Mammalia
152,Cervus elaphus,V,Endo,0.062168052,NA,-11,57.0412,Cervus,Cervidae,Artiodactyla,Mammalia
152,Cervus elaphus,V,Endo,0.010417141,NA,-11,57.0412,Cervus,Cervidae,Artiodactyla,Mammalia
152,Cervus elaphus,V,Endo,-0.016791235,NA,-11,57.0412,Cervus,Cervidae,Artiodactyla,Mammalia
152,Cervus elaphus,V,Endo,0.032080331,NA,-11,57.0412,Cervus,Cervidae,Artiodactyla,Mammalia
152,Cervus elaphus,V,Endo,0.106011104,NA,-11,57.0412,Cervus,Cervidae,Artiodactyla,Mammalia
152,Cervus elaphus,V,Endo,0.061371067,NA,-11,57.0412,Cervus,Cervidae,Artiodactyla,Mammalia
152,Cervus elaphus,V,Endo,0.044285372,NA,-11,57.0412,Cervus,Cervidae,Artiodactyla,Mammalia
152,Cervus elaphus,V,Endo,0.031392601,NA,-11,57.0412,Cervus,Cervidae,Artiodactyla,Mammalia
152,Cervus elaphus,V,Endo,0.06640524,NA,-11,57.0412,Cervus,Cervidae,Artiodactyla,Mammalia
152,Cervus elaphus,V,Endo,0.055181178,NA,-11,57.0412,Cervus,Cervidae,Artiodactyla,Mammalia
152,Cervus elaphus,V,Endo,-0.00648552,NA,-11,57.0412,Cervus,Cervidae,Artiodactyla,Mammalia
152,Cervus elaphus,V,Endo,0.062170248,NA,-11,57.0412,Cervus,Cervidae,Artiodactyla,Mammalia
152,Cervus elaphus,V,Endo,0.036140944,NA,-11,57.0412,Cervus,Cervidae,Artiodactyla,Mammalia
152,Cervus elaphus,V,Endo,0.038735252,NA,-11,57.0412,Cervus,Cervidae,Artiodactyla,Mammalia
152,Cervus elaphus,V,Endo,0.073479152,NA,-11,57.0412,Cervus,Cervidae,Artiodactyla,Mammalia
152,Cervus elaphus,V,Endo,0.044808324,NA,-11,57.0412,Cervus,Cervidae,Artiodactyla,Mammalia
152,Cervus elaphus,V,Endo,0.078357493,NA,-11,57.0412,Cervus,Cervidae,Artiodactyla,Mammalia
152,Cervus elaphus,V,Endo,0.015603874,NA,-11,57.0412,Cervus,Cervidae,Artiodactyla,Mammalia
152,Cervus elaphus,V,Endo,0.016830689,NA,-11,57.0412,Cervus,Cervidae,Artiodactyla,Mammalia
152,Cervus elaphus,V,Endo,0.032906799,NA,-11,57.0412,Cervus,Cervidae,Artiodactyla,Mammalia
152,Cervus elaphus,V,Endo,0.037593507,NA,-11,57.0412,Cervus,Cervidae,Artiodactyla,Mammalia
152,Cervus elaphus,V,Endo,0.006932351,NA,-11,57.0412,Cervus,Cervidae,Artiodactyla,Mammalia
106,Crocidura russula,V,Endo,0.12,0.07,696,45.5167,Crocidura,Soricidae,Eulipotyphla,Mammalia
106,Crocidura russula,V,Endo,0.04,0.3,696,45.5167,Crocidura,Soricidae,Eulipotyphla,Mammalia
106,Crocidura russula,V,Endo,0.09,0.21,696,45.5167,Crocidura,Soricidae,Eulipotyphla,Mammalia
106,Crocidura russula,V,Endo,0.01,0.06,696,45.5167,Crocidura,Soricidae,Eulipotyphla,Mammalia
106,Crocidura russula,V,Endo,0.29,0.07,696,45.5167,Crocidura,Soricidae,Eulipotyphla,Mammalia
106,Crocidura russula,V,Endo,0.03,0.22,696,45.5167,Crocidura,Soricidae,Eulipotyphla,Mammalia
109,Esox lucius,V,Ecto,0.312038771,NA,40,54.37,Esox,Esocidae,Salmoniformes,Actinopterygii
109,Esox lucius,V,Ecto,0.146671372,NA,40,54.37,Esox,Esocidae,Salmoniformes,Actinopterygii
109,Esox lucius,V,Ecto,0.010096664,NA,40,54.37,Esox,Esocidae,Salmoniformes,Actinopterygii
109,Esox lucius,V,Ecto,0.276398199,NA,40,54.37,Esox,Esocidae,Salmoniformes,Actinopterygii
109,Esox lucius,V,Ecto,-0.171971452,NA,40,54.37,Esox,Esocidae,Salmoniformes,Actinopterygii
109,Esox lucius,V,Ecto,0.143376632,NA,40,54.37,Esox,Esocidae,Salmoniformes,Actinopterygii
109,Esox lucius,V,Ecto,0.037083653,NA,40,54.37,Esox,Esocidae,Salmoniformes,Actinopterygii
109,Esox lucius,V,Ecto,0.118054634,NA,40,54.37,Esox,Esocidae,Salmoniformes,Actinopterygii
109,Esox lucius,V,Ecto,0.208596848,NA,40,54.37,Esox,Esocidae,Salmoniformes,Actinopterygii
109,Esox lucius,V,Ecto,0.182944874,NA,40,54.37,Esox,Esocidae,Salmoniformes,Actinopterygii
109,Esox lucius,V,Ecto,-0.013407552,NA,40,54.37,Esox,Esocidae,Salmoniformes,Actinopterygii
109,Esox lucius,V,Ecto,0.102359502,NA,40,54.37,Esox,Esocidae,Salmoniformes,Actinopterygii
109,Esox lucius,V,Ecto,0.141188596,NA,40,54.37,Esox,Esocidae,Salmoniformes,Actinopterygii
109,Esox lucius,V,Ecto,0.114339762,NA,40,54.37,Esox,Esocidae,Salmoniformes,Actinopterygii
109,Esox lucius,V,Ecto,0.456432223,NA,40,54.37,Esox,Esocidae,Salmoniformes,Actinopterygii
109,Esox lucius,V,Ecto,0.312592956,NA,40,54.37,Esox,Esocidae,Salmoniformes,Actinopterygii
109,Esox lucius,V,Ecto,0.122612796,NA,40,54.37,Esox,Esocidae,Salmoniformes,Actinopterygii
109,Esox lucius,V,Ecto,0.104881441,NA,40,54.37,Esox,Esocidae,Salmoniformes,Actinopterygii
109,Esox lucius,V,Ecto,0.232106043,NA,40,54.37,Esox,Esocidae,Salmoniformes,Actinopterygii
109,Esox lucius,V,Ecto,0.129487571,NA,40,54.37,Esox,Esocidae,Salmoniformes,Actinopterygii
109,Esox lucius,V,Ecto,0.080874716,NA,40,54.37,Esox,Esocidae,Salmoniformes,Actinopterygii
109,Esox lucius,V,Ecto,0.09912387,NA,40,54.37,Esox,Esocidae,Salmoniformes,Actinopterygii
109,Esox lucius,V,Ecto,0.030100506,NA,40,54.37,Esox,Esocidae,Salmoniformes,Actinopterygii
109,Esox lucius,V,Ecto,0.18124958,NA,40,54.37,Esox,Esocidae,Salmoniformes,Actinopterygii
109,Esox lucius,V,Ecto,0.392213639,NA,40,54.37,Esox,Esocidae,Salmoniformes,Actinopterygii
109,Esox lucius,V,Ecto,-0.035704205,NA,40,54.37,Esox,Esocidae,Salmoniformes,Actinopterygii
109,Esox lucius,V,Ecto,0.241132619,NA,40,54.37,Esox,Esocidae,Salmoniformes,Actinopterygii
109,Esox lucius,V,Ecto,-0.17470713,NA,40,54.37,Esox,Esocidae,Salmoniformes,Actinopterygii
109,Esox lucius,V,Ecto,0.186601625,NA,40,54.37,Esox,Esocidae,Salmoniformes,Actinopterygii
109,Esox lucius,V,Ecto,0.22233095,NA,40,54.37,Esox,Esocidae,Salmoniformes,Actinopterygii
109,Esox lucius,V,Ecto,0.331013944,NA,40,54.37,Esox,Esocidae,Salmoniformes,Actinopterygii
109,Esox lucius,V,Ecto,0.229519189,NA,40,54.37,Esox,Esocidae,Salmoniformes,Actinopterygii
109,Esox lucius,V,Ecto,0.247375891,NA,40,54.37,Esox,Esocidae,Salmoniformes,Actinopterygii
109,Esox lucius,V,Ecto,0.173318789,NA,40,54.37,Esox,Esocidae,Salmoniformes,Actinopterygii
65,Ficedula albicollis,V,Endo,0.2442,NA,26,57.1667,Ficedula,Muscicapidae,Passeriformes,Ave
65,Ficedula albicollis,V,Endo,0.1809,NA,26,57.1667,Ficedula,Muscicapidae,Passeriformes,Ave
65,Ficedula albicollis,V,Endo,0.3064,NA,26,57.1667,Ficedula,Muscicapidae,Passeriformes,Ave
65,Ficedula albicollis,V,Endo,0.2618,NA,26,57.1667,Ficedula,Muscicapidae,Passeriformes,Ave
65,Ficedula albicollis,V,Endo,0.0666,NA,26,57.1667,Ficedula,Muscicapidae,Passeriformes,Ave
65,Ficedula albicollis,V,Endo,0.267,NA,26,57.1667,Ficedula,Muscicapidae,Passeriformes,Ave
61,Negaprion brevirostris,V,Ecto,-0.017,NA,8,25.745,Negaprion,Carcharhinidae,Elasmobranchii,Chondrichthyes
61,Negaprion brevirostris,V,Ecto,-0.23,NA,8,25.745,Negaprion,Carcharhinidae,Elasmobranchii,Chondrichthyes
61,Negaprion brevirostris,V,Ecto,-0.094,NA,8,25.745,Negaprion,Carcharhinidae,Elasmobranchii,Chondrichthyes
61,Negaprion brevirostris,V,Ecto,-0.027,NA,8,25.745,Negaprion,Carcharhinidae,Elasmobranchii,Chondrichthyes
61,Negaprion brevirostris,V,Ecto,0.022,NA,8,25.745,Negaprion,Carcharhinidae,Elasmobranchii,Chondrichthyes
61,Negaprion brevirostris,V,Ecto,-0.0083,NA,8,25.745,Negaprion,Carcharhinidae,Elasmobranchii,Chondrichthyes
61,Negaprion brevirostris,V,Ecto,-0.086805256,NA,8,25.745,Negaprion,Carcharhinidae,Elasmobranchii,Chondrichthyes
61,Negaprion brevirostris,V,Ecto,-0.115770768,NA,8,25.745,Negaprion,Carcharhinidae,Elasmobranchii,Chondrichthyes
61,Negaprion brevirostris,V,Ecto,-0.056592587,NA,8,25.745,Negaprion,Carcharhinidae,Elasmobranchii,Chondrichthyes
61,Negaprion brevirostris,V,Ecto,-0.114658356,NA,8,25.745,Negaprion,Carcharhinidae,Elasmobranchii,Chondrichthyes
61,Negaprion brevirostris,V,Ecto,0.124999443,NA,8,25.745,Negaprion,Carcharhinidae,Elasmobranchii,Chondrichthyes
61,Negaprion brevirostris,V,Ecto,-0.063,NA,8,25.745,Negaprion,Carcharhinidae,Elasmobranchii,Chondrichthyes
61,Negaprion brevirostris,V,Ecto,-0.32,NA,8,25.745,Negaprion,Carcharhinidae,Elasmobranchii,Chondrichthyes
61,Negaprion brevirostris,V,Ecto,-0.36,NA,8,25.745,Negaprion,Carcharhinidae,Elasmobranchii,Chondrichthyes
61,Negaprion brevirostris,V,Ecto,-0.18,NA,8,25.745,Negaprion,Carcharhinidae,Elasmobranchii,Chondrichthyes
61,Negaprion brevirostris,V,Ecto,-0.27,NA,8,25.745,Negaprion,Carcharhinidae,Elasmobranchii,Chondrichthyes
61,Negaprion brevirostris,V,Ecto,-0.00134272,NA,8,25.745,Negaprion,Carcharhinidae,Elasmobranchii,Chondrichthyes
61,Negaprion brevirostris,V,Ecto,-0.056511789,NA,8,25.745,Negaprion,Carcharhinidae,Elasmobranchii,Chondrichthyes
61,Negaprion brevirostris,V,Ecto,-0.031634929,NA,8,25.745,Negaprion,Carcharhinidae,Elasmobranchii,Chondrichthyes
61,Negaprion brevirostris,V,Ecto,-0.044497975,NA,8,25.745,Negaprion,Carcharhinidae,Elasmobranchii,Chondrichthyes
61,Negaprion brevirostris,V,Ecto,0.027995147,NA,8,25.745,Negaprion,Carcharhinidae,Elasmobranchii,Chondrichthyes
111,Oncorhynchus nerka,V,Ecto,-0.028638768,NA,19,59.3217,Oncorhynchus,Salmonidae,Salmoniformes,Actinopterygii
111,Oncorhynchus nerka,V,Ecto,-0.028080826,NA,19,59.3217,Oncorhynchus,Salmonidae,Salmoniformes,Actinopterygii
111,Oncorhynchus nerka,V,Ecto,-0.058169484,NA,19,59.3217,Oncorhynchus,Salmonidae,Salmoniformes,Actinopterygii
111,Oncorhynchus nerka,V,Ecto,-0.024917143,NA,19,59.3217,Oncorhynchus,Salmonidae,Salmoniformes,Actinopterygii
111,Oncorhynchus nerka,V,Ecto,-0.014767977,NA,19,59.3217,Oncorhynchus,Salmonidae,Salmoniformes,Actinopterygii
111,Oncorhynchus nerka,V,Ecto,-0.084901556,NA,19,59.3217,Oncorhynchus,Salmonidae,Salmoniformes,Actinopterygii
111,Oncorhynchus nerka,V,Ecto,-0.134879253,NA,19,59.3217,Oncorhynchus,Salmonidae,Salmoniformes,Actinopterygii
111,Oncorhynchus nerka,V,Ecto,-0.054523025,NA,19,59.3217,Oncorhynchus,Salmonidae,Salmoniformes,Actinopterygii
111,Oncorhynchus nerka,V,Ecto,-0.064706569,NA,19,59.3217,Oncorhynchus,Salmonidae,Salmoniformes,Actinopterygii
111,Oncorhynchus nerka,V,Ecto,-0.089306109,NA,19,59.3217,Oncorhynchus,Salmonidae,Salmoniformes,Actinopterygii
111,Oncorhynchus nerka,V,Ecto,-0.036295826,NA,19,59.3217,Oncorhynchus,Salmonidae,Salmoniformes,Actinopterygii
111,Oncorhynchus nerka,V,Ecto,-0.114693044,NA,19,59.3217,Oncorhynchus,Salmonidae,Salmoniformes,Actinopterygii
111,Oncorhynchus nerka,V,Ecto,-0.063224877,NA,19,59.3217,Oncorhynchus,Salmonidae,Salmoniformes,Actinopterygii
111,Oncorhynchus nerka,V,Ecto,-0.002419959,NA,19,59.3217,Oncorhynchus,Salmonidae,Salmoniformes,Actinopterygii
111,Oncorhynchus nerka,V,Ecto,-0.041515614,NA,19,59.3217,Oncorhynchus,Salmonidae,Salmoniformes,Actinopterygii
111,Oncorhynchus nerka,V,Ecto,-0.104123578,NA,19,59.3217,Oncorhynchus,Salmonidae,Salmoniformes,Actinopterygii
111,Oncorhynchus nerka,V,Ecto,-0.300351701,NA,19,59.3217,Oncorhynchus,Salmonidae,Salmoniformes,Actinopterygii
111,Oncorhynchus nerka,V,Ecto,-0.097113132,NA,19,59.3217,Oncorhynchus,Salmonidae,Salmoniformes,Actinopterygii
111,Oncorhynchus nerka,V,Ecto,-0.130018194,NA,19,59.3217,Oncorhynchus,Salmonidae,Salmoniformes,Actinopterygii
67,Ovis aries,V,Endo,NA,NA,121,57.814,Ovis,Bovidae,Artiodactyla,Mammalia
67,Ovis aries,V,Endo,NA,NA,121,57.814,Ovis,Bovidae,Artiodactyla,Mammalia
83,Ovis aries,V,Endo,NA,NA,121,57.814,Ovis,Bovidae,Artiodactyla,Mammalia
62,Parus major,V,Endo,0.095,0.175,114,51.7667,Parus,Paridae,Passeriformes,Ave
62,Parus major,V,Endo,0.405,0.239,114,51.7667,Parus,Paridae,Passeriformes,Ave
62,Parus major,V,Endo,0.06,0.168,114,51.7667,Parus,Paridae,Passeriformes,Ave
62,Parus major,V,Endo,0.019,0.171,114,51.7667,Parus,Paridae,Passeriformes,Ave
62,Parus major,V,Endo,-0.208,0.229,114,51.7667,Parus,Paridae,Passeriformes,Ave
62,Parus major,V,Endo,0.164,0.187,114,51.7667,Parus,Paridae,Passeriformes,Ave
62,Parus major,V,Endo,0.361,0.163,114,51.7667,Parus,Paridae,Passeriformes,Ave
62,Parus major,V,Endo,0.04,0.143,114,51.7667,Parus,Paridae,Passeriformes,Ave
62,Parus major,V,Endo,0.361,0.176,114,51.7667,Parus,Paridae,Passeriformes,Ave
62,Parus major,V,Endo,0.161,0.134,114,51.7667,Parus,Paridae,Passeriformes,Ave
62,Parus major,V,Endo,0.536,0.231,114,51.7667,Parus,Paridae,Passeriformes,Ave
62,Parus major,V,Endo,0.184,0.095,114,51.7667,Parus,Paridae,Passeriformes,Ave
62,Parus major,V,Endo,0.228,0.116,114,51.7667,Parus,Paridae,Passeriformes,Ave
62,Parus major,V,Endo,0.071,0.111,114,51.7667,Parus,Paridae,Passeriformes,Ave
62,Parus major,V,Endo,0.056,0.083,114,51.7667,Parus,Paridae,Passeriformes,Ave
62,Parus major,V,Endo,0.008,0.07,114,51.7667,Parus,Paridae,Passeriformes,Ave
62,Parus major,V,Endo,0.222,0.107,114,51.7667,Parus,Paridae,Passeriformes,Ave
62,Parus major,V,Endo,0.244,0.062,114,51.7667,Parus,Paridae,Passeriformes,Ave
62,Parus major,V,Endo,0.066,0.082,114,51.7667,Parus,Paridae,Passeriformes,Ave
62,Parus major,V,Endo,0.296,0.129,114,51.7667,Parus,Paridae,Passeriformes,Ave
62,Parus major,V,Endo,0.288,0.083,114,51.7667,Parus,Paridae,Passeriformes,Ave
62,Parus major,V,Endo,0.034,0.078,114,51.7667,Parus,Paridae,Passeriformes,Ave
62,Parus major,V,Endo,0.149,0.061,114,51.7667,Parus,Paridae,Passeriformes,Ave
62,Parus major,V,Endo,0.506,0.113,114,51.7667,Parus,Paridae,Passeriformes,Ave
62,Parus major,V,Endo,0.353,0.078,114,51.7667,Parus,Paridae,Passeriformes,Ave
62,Parus major,V,Endo,0.187,0.128,114,51.7667,Parus,Paridae,Passeriformes,Ave
62,Parus major,V,Endo,0.332,0.099,114,51.7667,Parus,Paridae,Passeriformes,Ave
62,Parus major,V,Endo,0.136,0.07,114,51.7667,Parus,Paridae,Passeriformes,Ave
62,Parus major,V,Endo,0.109,0.063,114,51.7667,Parus,Paridae,Passeriformes,Ave
62,Parus major,V,Endo,0.331,0.082,114,51.7667,Parus,Paridae,Passeriformes,Ave
62,Parus major,V,Endo,0.271,0.059,114,51.7667,Parus,Paridae,Passeriformes,Ave
62,Parus major,V,Endo,0.033,0.078,114,51.7667,Parus,Paridae,Passeriformes,Ave
62,Parus major,V,Endo,0.155,0.071,114,51.7667,Parus,Paridae,Passeriformes,Ave
62,Parus major,V,Endo,0.28,0.094,114,51.7667,Parus,Paridae,Passeriformes,Ave
62,Parus major,V,Endo,0.438,0.124,114,51.7667,Parus,Paridae,Passeriformes,Ave
62,Parus major,V,Endo,0.071,0.068,114,51.7667,Parus,Paridae,Passeriformes,Ave
65,Parus major,V,Endo,0.0824,NA,26,57.1667,Parus,Paridae,Passeriformes,Ave
65,Parus major,V,Endo,0.0664,NA,26,57.1667,Parus,Paridae,Passeriformes,Ave
65,Parus major,V,Endo,-0.0188,NA,26,57.1667,Parus,Paridae,Passeriformes,Ave
65,Parus major,V,Endo,0.1548,NA,26,57.1667,Parus,Paridae,Passeriformes,Ave
65,Parus major,V,Endo,0.3815,NA,26,57.1667,Parus,Paridae,Passeriformes,Ave
75,Salmo salar,V,Ecto,0.01,NA,124,42.4167,Salmo,Salmonidae,Salmoniformes,Actinopterygii
75,Salmo salar,V,Ecto,-0.02,NA,124,42.4167,Salmo,Salmonidae,Salmoniformes,Actinopterygii
75,Salmo salar,V,Ecto,0,NA,124,42.4167,Salmo,Salmonidae,Salmoniformes,Actinopterygii
75,Salmo salar,V,Ecto,0.02,NA,124,42.4167,Salmo,Salmonidae,Salmoniformes,Actinopterygii
75,Salmo salar,V,Ecto,-0.01,NA,124,42.4167,Salmo,Salmonidae,Salmoniformes,Actinopterygii
75,Salmo salar,V,Ecto,0,NA,124,42.4167,Salmo,Salmonidae,Salmoniformes,Actinopterygii
75,Salmo salar,V,Ecto,-0.01,NA,124,42.4167,Salmo,Salmonidae,Salmoniformes,Actinopterygii
75,Salmo salar,V,Ecto,-0.14,NA,124,42.4167,Salmo,Salmonidae,Salmoniformes,Actinopterygii
75,Salmo salar,V,Ecto,-0.27,NA,124,42.4167,Salmo,Salmonidae,Salmoniformes,Actinopterygii
75,Salmo salar,V,Ecto,-0.15,NA,124,42.4167,Salmo,Salmonidae,Salmoniformes,Actinopterygii
75,Salmo salar,V,Ecto,-0.07,NA,124,42.4167,Salmo,Salmonidae,Salmoniformes,Actinopterygii
75,Salmo salar,V,Ecto,-0.27,NA,124,42.4167,Salmo,Salmonidae,Salmoniformes,Actinopterygii
75,Salmo salar,V,Ecto,-0.03,NA,124,42.4167,Salmo,Salmonidae,Salmoniformes,Actinopterygii
75,Salmo salar,V,Ecto,0.1,NA,124,42.4167,Salmo,Salmonidae,Salmoniformes,Actinopterygii
75,Salmo salar,V,Ecto,0.04,NA,124,42.4167,Salmo,Salmonidae,Salmoniformes,Actinopterygii
75,Salmo salar,V,Ecto,0.02,NA,124,42.4167,Salmo,Salmonidae,Salmoniformes,Actinopterygii
75,Salmo salar,V,Ecto,-0.03,NA,124,42.4167,Salmo,Salmonidae,Salmoniformes,Actinopterygii
75,Salmo salar,V,Ecto,0.08,NA,124,42.4167,Salmo,Salmonidae,Salmoniformes,Actinopterygii
75,Salmo salar,V,Ecto,0.01,NA,124,42.4167,Salmo,Salmonidae,Salmoniformes,Actinopterygii
75,Salmo salar,V,Ecto,0,NA,124,42.4167,Salmo,Salmonidae,Salmoniformes,Actinopterygii
86,Salmo salar,V,Ecto,-0.058,0.032,124,42.4167,Salmo,Salmonidae,Salmoniformes,Actinopterygii
86,Salmo salar,V,Ecto,0.045,0.049,124,42.4167,Salmo,Salmonidae,Salmoniformes,Actinopterygii
86,Salmo salar,V,Ecto,-0.036,0.033,124,42.4167,Salmo,Salmonidae,Salmoniformes,Actinopterygii
86,Salmo salar,V,Ecto,-0.023,0.034,124,42.4167,Salmo,Salmonidae,Salmoniformes,Actinopterygii
86,Salmo salar,V,Ecto,-0.09,0.048,124,42.4167,Salmo,Salmonidae,Salmoniformes,Actinopterygii
86,Salmo salar,V,Ecto,0.075,0.037,124,42.4167,Salmo,Salmonidae,Salmoniformes,Actinopterygii
86,Salmo salar,V,Ecto,0.023,0.029,124,42.4167,Salmo,Salmonidae,Salmoniformes,Actinopterygii
86,Salmo salar,V,Ecto,0.029,0.022,124,42.4167,Salmo,Salmonidae,Salmoniformes,Actinopterygii
86,Salmo salar,V,Ecto,0.021,0.029,124,42.4167,Salmo,Salmonidae,Salmoniformes,Actinopterygii
86,Salmo salar,V,Ecto,0.041,0.022,124,42.4167,Salmo,Salmonidae,Salmoniformes,Actinopterygii
86,Salmo salar,V,Ecto,-0.022,0.037,124,42.4167,Salmo,Salmonidae,Salmoniformes,Actinopterygii
86,Salmo salar,V,Ecto,0.029,0.039,124,42.4167,Salmo,Salmonidae,Salmoniformes,Actinopterygii
110,Salmo trutta,V,Ecto,-0.498076723,NA,437,61.25,Salmo,Salmonidae,Salmoniformes,Actinopterygii
110,Salmo trutta,V,Ecto,-0.172282513,NA,437,61.25,Salmo,Salmonidae,Salmoniformes,Actinopterygii
110,Salmo trutta,V,Ecto,0.09212903,NA,437,61.25,Salmo,Salmonidae,Salmoniformes,Actinopterygii
110,Salmo trutta,V,Ecto,-0.161300868,NA,437,61.25,Salmo,Salmonidae,Salmoniformes,Actinopterygii
110,Salmo trutta,V,Ecto,-0.052879517,NA,437,61.25,Salmo,Salmonidae,Salmoniformes,Actinopterygii
110,Salmo trutta,V,Ecto,-0.076833007,NA,437,61.25,Salmo,Salmonidae,Salmoniformes,Actinopterygii
110,Salmo trutta,V,Ecto,-0.001243603,NA,437,61.25,Salmo,Salmonidae,Salmoniformes,Actinopterygii
110,Salmo trutta,V,Ecto,0.021137501,NA,437,61.25,Salmo,Salmonidae,Salmoniformes,Actinopterygii
110,Salmo trutta,V,Ecto,-0.172480233,NA,437,61.25,Salmo,Salmonidae,Salmoniformes,Actinopterygii
110,Salmo trutta,V,Ecto,-0.141280181,NA,437,61.25,Salmo,Salmonidae,Salmoniformes,Actinopterygii
110,Salmo trutta,V,Ecto,-0.011359771,NA,437,61.25,Salmo,Salmonidae,Salmoniformes,Actinopterygii
110,Salmo trutta,V,Ecto,0.081211295,NA,437,61.25,Salmo,Salmonidae,Salmoniformes,Actinopterygii
110,Salmo trutta,V,Ecto,-0.13878148,NA,437,61.25,Salmo,Salmonidae,Salmoniformes,Actinopterygii
110,Salmo trutta,V,Ecto,0.058375139,NA,437,61.25,Salmo,Salmonidae,Salmoniformes,Actinopterygii
110,Salmo trutta,V,Ecto,0.033586503,NA,437,61.25,Salmo,Salmonidae,Salmoniformes,Actinopterygii
110,Salmo trutta,V,Ecto,0.029506182,NA,437,61.25,Salmo,Salmonidae,Salmoniformes,Actinopterygii
110,Salmo trutta,V,Ecto,-0.135720633,NA,437,61.25,Salmo,Salmonidae,Salmoniformes,Actinopterygii
110,Salmo trutta,V,Ecto,-0.27218002,NA,437,61.25,Salmo,Salmonidae,Salmoniformes,Actinopterygii
110,Salmo trutta,V,Ecto,-0.144646756,NA,437,61.25,Salmo,Salmonidae,Salmoniformes,Actinopterygii
110,Salmo trutta,V,Ecto,-0.076704161,NA,437,61.25,Salmo,Salmonidae,Salmoniformes,Actinopterygii
110,Salmo trutta,V,Ecto,-0.045350953,NA,437,61.25,Salmo,Salmonidae,Salmoniformes,Actinopterygii
110,Salmo trutta,V,Ecto,-0.018681046,NA,437,61.25,Salmo,Salmonidae,Salmoniformes,Actinopterygii
110,Salmo trutta,V,Ecto,0.004672588,NA,437,61.25,Salmo,Salmonidae,Salmoniformes,Actinopterygii
110,Salmo trutta,V,Ecto,0.005711067,NA,437,61.25,Salmo,Salmonidae,Salmoniformes,Actinopterygii
110,Salmo trutta,V,Ecto,0.165270979,NA,437,61.25,Salmo,Salmonidae,Salmoniformes,Actinopterygii
110,Salmo trutta,V,Ecto,-0.144287056,NA,437,61.25,Salmo,Salmonidae,Salmoniformes,Actinopterygii
110,Salmo trutta,V,Ecto,0.009511024,NA,437,61.25,Salmo,Salmonidae,Salmoniformes,Actinopterygii
110,Salmo trutta,V,Ecto,-0.081019464,NA,437,61.25,Salmo,Salmonidae,Salmoniformes,Actinopterygii
110,Salmo trutta,V,Ecto,0.07699615,NA,437,61.25,Salmo,Salmonidae,Salmoniformes,Actinopterygii
145,Petrochelidon pyrrhonota,V,Endo,0.1220348,0.070577295,1047,41.2167,Petrochelidon,Hirundinidae,Passeriformes,Ave
145,Petrochelidon pyrrhonota,V,Endo,0.1972843,0.059355513,1047,41.2167,Petrochelidon,Hirundinidae,Passeriformes,Ave
145,Petrochelidon pyrrhonota,V,Endo,0.0109877,0.056375466,1047,41.2167,Petrochelidon,Hirundinidae,Passeriformes,Ave
145,Petrochelidon pyrrhonota,V,Endo,0.0445587,0.046731907,1047,41.2167,Petrochelidon,Hirundinidae,Passeriformes,Ave
145,Petrochelidon pyrrhonota,V,Endo,0.0389769,0.047608129,1047,41.2167,Petrochelidon,Hirundinidae,Passeriformes,Ave
145,Petrochelidon pyrrhonota,V,Endo,0.1040599,0.055179984,1047,41.2167,Petrochelidon,Hirundinidae,Passeriformes,Ave
145,Petrochelidon pyrrhonota,V,Endo,0.0402933,0.04859803,1047,41.2167,Petrochelidon,Hirundinidae,Passeriformes,Ave
145,Petrochelidon pyrrhonota,V,Endo,0.0665379,0.041816702,1047,41.2167,Petrochelidon,Hirundinidae,Passeriformes,Ave
145,Petrochelidon pyrrhonota,V,Endo,0.0255888,0.052349658,1047,41.2167,Petrochelidon,Hirundinidae,Passeriformes,Ave
145,Petrochelidon pyrrhonota,V,Endo,-0.0578901,0.054703926,1047,41.2167,Petrochelidon,Hirundinidae,Passeriformes,Ave
145,Petrochelidon pyrrhonota,V,Endo,0.065868,0.117157412,1047,41.2167,Petrochelidon,Hirundinidae,Passeriformes,Ave
145,Petrochelidon pyrrhonota,V,Endo,-0.0372921,0.170615441,1047,41.2167,Petrochelidon,Hirundinidae,Passeriformes,Ave
145,Petrochelidon pyrrhonota,V,Endo,-0.2755929,0.091711044,1047,41.2167,Petrochelidon,Hirundinidae,Passeriformes,Ave
145,Petrochelidon pyrrhonota,V,Endo,-0.2038392,0.063673141,1047,41.2167,Petrochelidon,Hirundinidae,Passeriformes,Ave
145,Petrochelidon pyrrhonota,V,Endo,0.4361756,0.078795183,1047,41.2167,Petrochelidon,Hirundinidae,Passeriformes,Ave
145,Petrochelidon pyrrhonota,V,Endo,-0.1051686,0.05255415,1047,41.2167,Petrochelidon,Hirundinidae,Passeriformes,Ave
145,Petrochelidon pyrrhonota,V,Endo,0.51526,0.090824587,1047,41.2167,Petrochelidon,Hirundinidae,Passeriformes,Ave
145,Petrochelidon pyrrhonota,V,Endo,-0.1442724,0.079331347,1047,41.2167,Petrochelidon,Hirundinidae,Passeriformes,Ave
145,Petrochelidon pyrrhonota,V,Endo,0.034637,0.041243842,1047,41.2167,Petrochelidon,Hirundinidae,Passeriformes,Ave
145,Petrochelidon pyrrhonota,V,Endo,0.1369134,0.041178183,1047,41.2167,Petrochelidon,Hirundinidae,Passeriformes,Ave
145,Petrochelidon pyrrhonota,V,Endo,-0.1759534,0.061780667,1047,41.2167,Petrochelidon,Hirundinidae,Passeriformes,Ave
145,Petrochelidon pyrrhonota,V,Endo,0.1244578,0.064577674,1047,41.2167,Petrochelidon,Hirundinidae,Passeriformes,Ave
145,Petrochelidon pyrrhonota,V,Endo,-0.0186712,0.135998198,1047,41.2167,Petrochelidon,Hirundinidae,Passeriformes,Ave
145,Petrochelidon pyrrhonota,V,Endo,0.0610706,0.154471921,1047,41.2167,Petrochelidon,Hirundinidae,Passeriformes,Ave
145,Petrochelidon pyrrhonota,V,Endo,0.0311103,0.07489808,1047,41.2167,Petrochelidon,Hirundinidae,Passeriformes,Ave
145,Petrochelidon pyrrhonota,V,Endo,0.4941281,0.062672896,1047,41.2167,Petrochelidon,Hirundinidae,Passeriformes,Ave
145,Petrochelidon pyrrhonota,V,Endo,-0.8050861,0.069595234,1047,41.2167,Petrochelidon,Hirundinidae,Passeriformes,Ave
145,Petrochelidon pyrrhonota,V,Endo,0.1236144,0.055261324,1047,41.2167,Petrochelidon,Hirundinidae,Passeriformes,Ave
145,Petrochelidon pyrrhonota,V,Endo,0.978617,0.082722229,1047,41.2167,Petrochelidon,Hirundinidae,Passeriformes,Ave
145,Petrochelidon pyrrhonota,V,Endo,1.034467,0.076676113,1047,41.2167,Petrochelidon,Hirundinidae,Passeriformes,Ave
145,Petrochelidon pyrrhonota,V,Endo,0.2286868,0.057004839,1047,41.2167,Petrochelidon,Hirundinidae,Passeriformes,Ave
145,Petrochelidon pyrrhonota,V,Endo,-0.0363153,0.049341735,1047,41.2167,Petrochelidon,Hirundinidae,Passeriformes,Ave
145,Petrochelidon pyrrhonota,V,Endo,-0.0852332,0.064174353,1047,41.2167,Petrochelidon,Hirundinidae,Passeriformes,Ave
145,Petrochelidon pyrrhonota,V,Endo,0.1118091,0.061154561,1047,41.2167,Petrochelidon,Hirundinidae,Passeriformes,Ave
145,Petrochelidon pyrrhonota,V,Endo,0.0307458,0.127813956,1047,41.2167,Petrochelidon,Hirundinidae,Passeriformes,Ave
145,Petrochelidon pyrrhonota,V,Endo,-0.1720405,0.210267341,1047,41.2167,Petrochelidon,Hirundinidae,Passeriformes,Ave
145,Petrochelidon pyrrhonota,V,Endo,0.2680112,0.078753587,1047,41.2167,Petrochelidon,Hirundinidae,Passeriformes,Ave
145,Petrochelidon pyrrhonota,V,Endo,-0.1363092,0.072929494,1047,41.2167,Petrochelidon,Hirundinidae,Passeriformes,Ave
145,Petrochelidon pyrrhonota,V,Endo,0.9945964,0.078225481,1047,41.2167,Petrochelidon,Hirundinidae,Passeriformes,Ave
145,Petrochelidon pyrrhonota,V,Endo,0.0113163,0.056685143,1047,41.2167,Petrochelidon,Hirundinidae,Passeriformes,Ave
145,Petrochelidon pyrrhonota,V,Endo,-0.0706124,0.049526518,1047,41.2167,Petrochelidon,Hirundinidae,Passeriformes,Ave
145,Petrochelidon pyrrhonota,V,Endo,0.1730018,0.046744756,1047,41.2167,Petrochelidon,Hirundinidae,Passeriformes,Ave
145,Petrochelidon pyrrhonota,V,Endo,0.0468211,0.046578266,1047,41.2167,Petrochelidon,Hirundinidae,Passeriformes,Ave
145,Petrochelidon pyrrhonota,V,Endo,0.1361281,0.042451737,1047,41.2167,Petrochelidon,Hirundinidae,Passeriformes,Ave
145,Petrochelidon pyrrhonota,V,Endo,0.1067431,0.051047248,1047,41.2167,Petrochelidon,Hirundinidae,Passeriformes,Ave
145,Petrochelidon pyrrhonota,V,Endo,-0.0437306,0.051137299,1047,41.2167,Petrochelidon,Hirundinidae,Passeriformes,Ave
145,Petrochelidon pyrrhonota,V,Endo,0.0862208,0.114992827,1047,41.2167,Petrochelidon,Hirundinidae,Passeriformes,Ave
145,Petrochelidon pyrrhonota,V,Endo,-0.053796,0.207840227,1047,41.2167,Petrochelidon,Hirundinidae,Passeriformes,Ave
28,Calopteryx splendens,I,Ecto,-0.155,NA,33,55.6333,Calopteryx,Calopterygidae,Odonata,Insecta
28,Calopteryx splendens,I,Ecto,-0.028,NA,33,55.6333,Calopteryx,Calopterygidae,Odonata,Insecta
28,Calopteryx splendens,I,Ecto,0.082,NA,33,55.6333,Calopteryx,Calopterygidae,Odonata,Insecta
28,Calopteryx splendens,I,Ecto,0.076,NA,33,55.6333,Calopteryx,Calopterygidae,Odonata,Insecta
28,Calopteryx splendens,I,Ecto,0.099,NA,33,55.6333,Calopteryx,Calopterygidae,Odonata,Insecta
28,Calopteryx splendens,I,Ecto,-0.058,NA,10,55.7,Calopteryx,Calopterygidae,Odonata,Insecta
28,Calopteryx splendens,I,Ecto,-0.061,NA,10,55.7,Calopteryx,Calopterygidae,Odonata,Insecta
28,Calopteryx splendens,I,Ecto,-0.071,NA,10,55.7,Calopteryx,Calopterygidae,Odonata,Insecta
22,Carpodacus mexicanus,V,Endo,0.45,NA,742,32.2322,Carpodacus,Fringillidae,Passeriformes,Ave
22,Carpodacus mexicanus,V,Endo,-0.31,NA,1079,32.2606,Carpodacus,Fringillidae,Passeriformes,Ave
23,Carpodacus mexicanus,V,Endo,-0.01,NA,201,32.6042,Carpodacus,Fringillidae,Passeriformes,Ave
23,Carpodacus mexicanus,V,Endo,-0.12,NA,201,32.6042,Carpodacus,Fringillidae,Passeriformes,Ave
23,Carpodacus mexicanus,V,Endo,0.03,NA,201,32.6042,Carpodacus,Fringillidae,Passeriformes,Ave
23,Carpodacus mexicanus,V,Endo,-0.34,NA,201,32.6042,Carpodacus,Fringillidae,Passeriformes,Ave
23,Carpodacus mexicanus,V,Endo,-0.15,NA,201,32.6042,Carpodacus,Fringillidae,Passeriformes,Ave
23,Carpodacus mexicanus,V,Endo,-0.47,NA,201,32.6042,Carpodacus,Fringillidae,Passeriformes,Ave
23,Carpodacus mexicanus,V,Endo,0.03,NA,268,42.2791,Carpodacus,Fringillidae,Passeriformes,Ave
23,Carpodacus mexicanus,V,Endo,-0.08,NA,268,42.2791,Carpodacus,Fringillidae,Passeriformes,Ave
23,Carpodacus mexicanus,V,Endo,-0.21,NA,268,42.2791,Carpodacus,Fringillidae,Passeriformes,Ave
23,Carpodacus mexicanus,V,Endo,-0.06,NA,268,42.2791,Carpodacus,Fringillidae,Passeriformes,Ave
23,Carpodacus mexicanus,V,Endo,-0.03,NA,268,42.2791,Carpodacus,Fringillidae,Passeriformes,Ave
23,Carpodacus mexicanus,V,Endo,-0.12,NA,268,42.2791,Carpodacus,Fringillidae,Passeriformes,Ave
23,Carpodacus mexicanus,V,Endo,-0.09,NA,1834,48.8573,Carpodacus,Fringillidae,Passeriformes,Ave
23,Carpodacus mexicanus,V,Endo,-0.04,NA,1834,48.8573,Carpodacus,Fringillidae,Passeriformes,Ave
23,Carpodacus mexicanus,V,Endo,0,NA,1834,48.8573,Carpodacus,Fringillidae,Passeriformes,Ave
23,Carpodacus mexicanus,V,Endo,-0.02,NA,1834,48.8573,Carpodacus,Fringillidae,Passeriformes,Ave
23,Carpodacus mexicanus,V,Endo,0.46,NA,1834,48.8573,Carpodacus,Fringillidae,Passeriformes,Ave
23,Carpodacus mexicanus,V,Endo,0.19,NA,1834,48.8573,Carpodacus,Fringillidae,Passeriformes,Ave
64,Ficedula albicollis,V,Endo,0.188,0.097,26,57.1667,Ficedula,Muscicapidae,Passeriformes,Ave
64,Ficedula albicollis,V,Endo,0.073,0.072,26,57.1667,Ficedula,Muscicapidae,Passeriformes,Ave
64,Ficedula albicollis,V,Endo,0.237,0.079,26,57.1667,Ficedula,Muscicapidae,Passeriformes,Ave
64,Ficedula albicollis,V,Endo,0.006,0.069,26,57.1667,Ficedula,Muscicapidae,Passeriformes,Ave
64,Ficedula albicollis,V,Endo,0.32,0.087,26,57.1667,Ficedula,Muscicapidae,Passeriformes,Ave
64,Ficedula albicollis,V,Endo,0.179,0.068,26,57.1667,Ficedula,Muscicapidae,Passeriformes,Ave
64,Ficedula albicollis,V,Endo,0.006,0.103,26,57.1667,Ficedula,Muscicapidae,Passeriformes,Ave
64,Ficedula albicollis,V,Endo,0.368,0.183,26,57.1667,Ficedula,Muscicapidae,Passeriformes,Ave
64,Ficedula albicollis,V,Endo,0.321,0.115,26,57.1667,Ficedula,Muscicapidae,Passeriformes,Ave
64,Ficedula albicollis,V,Endo,0.271,0.109,26,57.1667,Ficedula,Muscicapidae,Passeriformes,Ave
64,Ficedula albicollis,V,Endo,0.359,0.077,26,57.1667,Ficedula,Muscicapidae,Passeriformes,Ave
64,Ficedula albicollis,V,Endo,0.097,0.064,26,57.1667,Ficedula,Muscicapidae,Passeriformes,Ave
64,Ficedula albicollis,V,Endo,0.086,0.066,26,57.1667,Ficedula,Muscicapidae,Passeriformes,Ave
64,Ficedula albicollis,V,Endo,0.205,0.115,26,57.1667,Ficedula,Muscicapidae,Passeriformes,Ave
64,Ficedula albicollis,V,Endo,0.182,0.11,26,57.1667,Ficedula,Muscicapidae,Passeriformes,Ave
64,Ficedula albicollis,V,Endo,0.224,0.07,26,57.1667,Ficedula,Muscicapidae,Passeriformes,Ave
64,Ficedula albicollis,V,Endo,0.421,0.092,26,57.1667,Ficedula,Muscicapidae,Passeriformes,Ave
67,Ovis aries,V,Endo,NA,NA,121,57.814,Ovis,Bovidae,Artiodactyla,Mammalia
67,Ovis aries,V,Endo,NA,NA,121,57.814,Ovis,Bovidae,Artiodactyla,Mammalia
158,Parus major,V,Endo,NA,NA,10,51.641,Parus,Paridae,Passeriformes,Ave
158,Parus major,V,Endo,NA,NA,10,51.641,Parus,Paridae,Passeriformes,Ave
158,Parus major,V,Endo,NA,NA,10,51.641,Parus,Paridae,Passeriformes,Ave
158,Parus major,V,Endo,NA,NA,10,51.641,Parus,Paridae,Passeriformes,Ave
158,Parus major,V,Endo,NA,NA,10,51.641,Parus,Paridae,Passeriformes,Ave
158,Parus major,V,Endo,NA,NA,39,52.0833,Parus,Paridae,Passeriformes,Ave
158,Parus major,V,Endo,NA,NA,39,52.0833,Parus,Paridae,Passeriformes,Ave
112,Zosterops lateralis chlorocephalus,V,Endo,-0.13,0.16,-17,23.4333,Zosterops,Zosteropidae,Passeriformes,Ave
112,Zosterops lateralis chlorocephalus,V,Endo,-0.04,0.08,-17,23.4333,Zosterops,Zosteropidae,Passeriformes,Ave
112,Zosterops lateralis chlorocephalus,V,Endo,-0.02,0.06,-17,23.4333,Zosterops,Zosteropidae,Passeriformes,Ave
112,Zosterops lateralis chlorocephalus,V,Endo,0.01,0.06,-17,23.4333,Zosterops,Zosteropidae,Passeriformes,Ave
112,Zosterops lateralis chlorocephalus,V,Endo,0.07,0.07,-17,23.4333,Zosterops,Zosteropidae,Passeriformes,Ave
112,Zosterops lateralis chlorocephalus,V,Endo,0.09,0.06,-17,23.4333,Zosterops,Zosteropidae,Passeriformes,Ave
112,Zosterops lateralis chlorocephalus,V,Endo,0.09,0.05,-17,23.4333,Zosterops,Zosteropidae,Passeriformes,Ave